app_id,title,date_release,win,mac,linux,rating,positive_ratio,user_reviews,price_final,price_original,discount,steam_deck
545200,Super Blackjack Battle 2 Turbo Edition - The Card Warriors,2017-03-03,True,False,False,Mixed,60,23,11.99,11.99,0.0,True
871710,Galactic Dominion,2018-09-06,True,False,False,Mixed,50,14,4.99,4.99,0.0,True
891120,Watching Delusion,2018-08-03,True,False,False,Mostly Positive,76,13,0.99,0.99,0.0,True
1563680,Long Road,2022-02-18,True,True,True,Mostly Negative,30,13,0.59,0.99,40.0,True
652780,The Mutational,2020-02-10,True,False,False,Positive,82,23,0.0,0.0,0.0,True
410740,Flying Neko Delivery,2022-10-20,True,True,True,Mixed,60,10,16.99,19.99,15.0,True
310890,Breach & Clear: Deadline Rebirth (2016),2015-07-20,True,True,True,Mixed,53,684,9.99,9.99,0.0,True
1949471,Forza Horizon 5 2014 SafariZ 370Z,2022-05-05,True,False,False,Positive,90,10,2.99,2.99,0.0,True
1156550,Heroes Of Avranche,2019-12-02,True,False,True,Mixed,62,16,0.0,0.0,0.0,True
580040,Formata,2017-12-07,True,False,False,Mixed,67,746,9.99,9.99,0.0,True
2264930,„ÄéLACKGIRL I - 'Astra inclinant sed non obligant.'„Äè,2023-03-30,True,False,False,Positive,100,17,16.99,16.99,0.0,True
1723790,Empire Takeover,2022-02-09,True,False,False,Mixed,44,118,0.0,0.0,0.0,True
1292540,Escape: The Brother's Saloon,2020-05-05,True,False,False,Mostly Positive,78,88,7.99,7.99,0.0,True
520500,The Final Station OST and Artbook DLC,2016-08-30,True,True,True,Positive,89,29,4.99,4.99,0.0,True
402890,Nyctophilia,2015-09-23,True,False,False,Mixed,63,301,0.0,0.0,0.0,True
1119960,Newfound Courage - Winter's Fair,2019-12-12,True,True,False,Mostly Positive,78,14,0.0,0.0,0.0,True
2138700,Crypt,2022-09-27,True,False,False,Very Positive,92,1001,0.0,0.0,0.0,True
501110,Mount Wingsuit,2016-08-25,True,False,False,Mixed,69,86,7.99,7.99,0.0,True
1146320,GRID Ultimate Edition Upgrade,2019-10-10,True,False,False,Mixed,60,10,9.99,9.99,0.0,True
1846130,DUSK - The Goodies,2021-12-10,True,False,False,Very Positive,96,139,0.0,0.0,0.0,True
1178160,Blackjack Championship,2020-08-25,True,True,False,Mixed,66,715,0.0,0.0,0.0,True
1845880,SEARCH ALL - POTIONS,2021-12-27,True,False,False,Positive,95,23,1.99,1.99,0.0,True
1672690,Across the Galaxy: Stellar Dominator,2021-12-02,True,False,False,Positive,94,17,9.99,9.99,0.0,True
505080,Gakuen Club,2017-05-09,True,False,False,Mixed,66,56,29.99,29.99,0.0,True
400470,The Seven Years War (1756-1763),2015-10-30,True,False,False,Mixed,61,117,19.99,19.99,0.0,True
302590,Of Guards And Thieves,2014-07-16,True,False,False,Very Positive,85,4261,0.0,0.0,0.0,True
1226510,Trigon: Space Story,2022-04-28,True,True,True,Mixed,67,928,19.99,19.99,0.0,True
638000,When Ski Lifts Go Wrong,2019-01-23,True,True,False,Very Positive,87,436,14.99,14.99,0.0,True
1276430,MEGALAN 11,2020-05-17,True,False,False,Mixed,62,16,7.99,7.99,0.0,True
1764390,BAD END THEATER,2021-10-26,True,True,True,Overwhelmingly Positive,97,4305,9.99,9.99,0.0,True
870730,Adapt or Perish,2019-02-11,True,True,True,Positive,86,36,9.99,9.99,0.0,True
674850,2MD: VR Football Classic,2017-09-26,True,False,False,Very Positive,91,144,12.99,12.99,0.0,True
695740,EVE Online: 1 Month Omega Time,2017-10-03,True,True,False,Mostly Negative,30,10,19.99,19.99,0.0,True
891720,Pirate Mosaic Puzzle. Caribbean Treasures,2018-08-03,True,True,False,Positive,83,24,4.99,4.99,0.0,True
1986940,Forward Defense,2022-06-01,True,False,False,Mostly Positive,70,10,6.99,6.99,0.0,True
498570,Extreme Forklifting 2,2016-08-05,True,True,False,Very Positive,86,129,1.99,1.99,0.0,True
1532650,fishy,2021-08-20,True,True,True,Very Positive,92,52,0.0,0.0,0.0,True
1899950,Dolmenjord - Viking Islands,2022-11-17,True,True,False,Positive,93,45,2.99,2.99,0.0,True
547930,Precursors,2017-02-03,True,False,False,Mostly Positive,72,37,14.99,14.99,0.0,True
1678860,TV Kid,2021-10-01,True,False,False,Very Positive,96,53,9.99,9.99,0.0,True
459290,Baldur's Gate: Siege of Dragonspear Official Soundtrack,2016-04-06,False,False,False,Positive,84,13,9.99,9.99,0.0,True
410340,Liftoff¬Æ: FPV Drone Racing,2018-09-13,True,True,True,Very Positive,93,7141,20.0,0.0,0.0,True
817680,Real Drift,2018-08-31,True,False,False,Mixed,46,73,0.37,1.99,81.0,True
389690,Nightclub Emporium,2015-08-07,True,False,False,Negative,10,10,0.44,2.99,85.0,True
690140,Sword Legacy: Omen,2018-08-13,True,False,False,Mostly Positive,70,330,17.99,17.99,0.0,True
1537600,Spring Flower,2021-02-12,True,False,False,Positive,100,10,7.49,24.99,70.0,True
1399140,Boxing Coach,2020-10-15,True,False,False,Mixed,64,17,9.99,9.99,0.0,True
1351550,Haunted Hotel: Lost Time Collector's Edition,2020-06-19,True,False,False,Positive,80,15,9.99,9.99,0.0,True
1677770,The Case of the Golden Idol,2022-10-13,True,True,False,Overwhelmingly Positive,98,4066,18.0,0.0,0.0,True
1995470,Space Turbo 2,2022-05-24,True,False,False,Mostly Positive,72,113,7.49,24.99,70.0,True
732030,Pimiko Plus,2017-12-14,True,False,False,Positive,91,12,1.99,1.99,0.0,True
619582,Agents of Mayhem - Franchise Force Skins Pack,2017-08-15,True,False,False,Positive,92,42,0.0,0.0,0.0,True
1593700,You Calligrapher,2021-10-24,True,False,False,Positive,100,12,12.99,12.99,0.0,True
57900,Duke Nukem Forever,2011-06-13,True,True,False,Mixed,69,5107,4.99,19.99,75.0,True
1336950,VoxFox,2020-06-18,True,False,False,Positive,88,17,0.53,2.99,82.0,True
2109304,Resident Evil 4 Leon & Ashley Costumes: 'Romantic',2023-03-23,True,False,False,Very Positive,89,65,3.99,3.99,0.0,True
349950,GunWorld,2015-02-11,True,False,False,Mostly Positive,72,11,1.99,1.99,0.0,True
1133120,Ecosystem,2021-03-16,True,False,False,Very Positive,83,260,19.99,19.99,0.0,True
1062340,KATANA KAMI: A Way of the Samurai Story,2020-02-19,True,False,False,Mixed,57,304,8.99,29.99,70.0,True
914180,MMA Team Manager,2019-03-11,True,True,False,Mixed,40,52,29.99,29.99,0.0,True
501560,Sudden Strike 4 - Battle of Kursk,2017-08-11,True,True,True,Mostly Negative,31,47,1.99,1.99,0.0,True
468310,She Wants Me Dead,2016-05-13,True,True,False,Very Positive,83,68,7.99,7.99,0.0,True
1425430,The Outer Worlds Original Soundtrack,2020-10-23,False,False,False,Mostly Positive,78,19,8.99,8.99,0.0,True
2109308,Resident Evil 4 Deluxe Weapon: 'Sentinel Nine',2023-03-23,True,False,False,Very Positive,80,72,1.99,1.99,0.0,True
351940,The Descendant,2016-03-24,True,True,False,Mostly Positive,75,482,1.49,0.0,0.0,True
554310,Rage Wars,2016-11-17,True,True,True,Very Positive,91,1537,0.99,0.99,0.0,True
952891,Surviving Mars: Marsvision Song Contest,2018-11-15,True,True,True,Very Positive,84,58,3.99,3.99,0.0,True
792410,Viki Spotter: Undersea,2018-02-07,True,True,True,Very Positive,90,53,3.99,3.99,0.0,True
15190,Brothers in Arms: Road to Hill 30‚Ñ¢,2008-05-13,True,False,False,Very Positive,87,1332,9.99,9.99,0.0,True
2311680,Magic Research,2023-03-22,True,False,False,Very Positive,94,72,4.99,4.99,0.0,True
811270,Impulsion,2018-07-19,True,False,False,Very Positive,90,106,12.99,12.99,0.0,True
379561,FSX: Steam Edition - Natural Tree Environment X Add-On,2016-01-12,True,False,False,Mixed,69,33,11.99,11.99,0.0,True
682020,Karradash - The Lost Dungeons,2017-08-31,True,False,False,Positive,90,11,3.99,3.99,0.0,True
2251240,Police Car Simulator,2022-12-29,True,False,False,Mostly Negative,27,11,0.99,0.99,0.0,True
1278520,Sky Seeker,2020-08-28,True,False,False,Positive,80,10,0.0,0.0,0.0,True
1527620,The Little Trashmaid Puzzletime,2021-05-13,True,False,False,Positive,95,23,4.99,4.99,0.0,True
323410,Risk of Rain Soundtrack,2017-02-06,False,False,False,Mostly Positive,77,45,4.99,4.99,0.0,True
297410,Trace Vector,2014-08-19,True,True,True,Positive,89,29,6.99,6.99,0.0,True
99120,Yar's Revenge,2011-04-28,True,False,False,Mixed,64,50,9.99,9.99,0.0,True
1587590,Sniper Ghost Warrior Contracts 2 - Crossbow Carnage Weapons Pack,2021-06-11,True,False,False,Mostly Positive,75,16,7.99,7.99,0.0,True
34842,Sniper: Ghost Warrior - Second Strike,2011-09-09,True,False,False,Very Positive,81,86,1.99,1.99,0.0,True
448000,Sparkle ZERO,2016-03-14,True,True,True,Mixed,45,148,4.99,4.99,0.0,True
1542280,ÊòéÊòüÂøóÈ°ò2,2022-03-30,True,False,False,Very Positive,82,253,7.99,7.99,0.0,True
428880,The Quest,2016-02-19,True,True,False,Very Positive,86,411,9.99,9.99,0.0,True
2244480,REMEDIUM: Sentinels,2023-02-28,True,False,False,Mostly Positive,77,58,2.99,2.99,0.0,True
2471820,–°–¢–†–ê–®–ù–û –ò –¢–û–ß–ö–ê,2023-06-30,True,False,False,Mixed,60,23,1.39,1.99,30.0,True
337630,Bermuda,2015-03-17,True,True,True,Positive,89,29,2.99,2.99,0.0,True
1130840,ONE PIECE: PIRATE WARRIORS 4 Whole Cake Island Pack,2020-07-20,True,False,False,Positive,83,37,11.99,11.99,0.0,True
2121490,Otome Legends,2023-02-08,True,False,True,Positive,100,11,14.99,14.99,0.0,True
1330380,Othercide - Soundtrack,2020-07-27,False,False,False,Positive,100,19,7.99,7.99,0.0,True
526130,Sky Sanctuary,2020-07-31,True,False,False,Positive,85,28,8.99,8.99,0.0,True
1055620,Minions Battle,2019-05-17,True,False,False,Mostly Positive,77,77,0.28,0.99,71.0,True
968360,Recursive Pain,2018-11-16,True,False,False,Mostly Positive,73,15,0.99,0.99,0.0,True
990720,Bookend,2019-03-06,True,False,False,Positive,86,22,0.0,0.0,0.0,True
838630,Deadliest Catch: The Game,2020-04-14,True,False,False,Mixed,52,1114,19.99,19.99,0.0,True
1013700,Draft Day Sports: College Football 2019,2019-02-08,True,False,False,Mixed,64,14,19.99,19.99,0.0,True
1953020,Lab Remnants,2022-04-15,True,False,False,Positive,93,15,1.99,1.99,0.0,True
744600,Balloonatics,2018-02-13,True,False,True,Positive,92,13,9.99,9.99,0.0,True
1204710,Void Breach,2020-02-14,True,False,False,Positive,100,25,1.99,1.99,0.0,True
2156070,Degen Royale,2022-11-03,True,True,False,Positive,88,18,0.0,0.0,0.0,True
1347030,THE CORRIDOR,2020-12-04,True,False,False,Overwhelmingly Positive,95,1371,1.99,1.99,0.0,True
2159830,Farm Manager 2021 - Floriculture DLC,2022-12-08,True,False,False,Mixed,50,10,4.99,4.99,0.0,True
1667400,Cute Cats,2021-08-09,True,False,False,Very Positive,95,170,0.99,0.99,0.0,True
269270,LOVE,2014-02-07,True,False,True,Very Positive,92,771,2.99,2.99,0.0,True
930230,King under the Mountain,2021-11-24,True,True,True,Mixed,65,94,24.99,24.99,0.0,True
832360,Hotel Magnate,2021-10-05,True,True,True,Mixed,64,313,24.99,24.99,0.0,True
1291240,Zamboni Simulator 2019,2020-05-26,True,True,False,Very Positive,89,236,0.0,0.0,0.0,True
1347750,PAYDAY 2: Breakfast in Tijuana Heist,2020-06-30,True,False,True,Mixed,60,247,6.99,6.99,0.0,True
353280,Metamorphabet,2015-04-29,True,True,False,Very Positive,96,54,4.99,4.99,0.0,True
356030,The Survivor,2020-08-03,True,False,True,Mixed,51,27,0.99,0.99,0.0,True
2012840,Portal with RTX,2022-12-08,True,False,False,Mixed,50,10062,0.0,0.0,0.0,True
960170,DJMAX RESPECT V,2020-03-11,True,False,False,Very Positive,88,20002,10.0,0.0,0.0,True
1787090,MyDockFinder,2021-11-25,True,False,False,Mostly Positive,73,2440,4.99,4.99,0.0,True
749370,The Perfect Sniper,2018-01-21,True,False,False,Mostly Negative,36,19,16.99,16.99,0.0,True
20,Team Fortress Classic,1999-04-01,True,True,True,Very Positive,85,5146,4.99,4.99,0.0,True
286360,Shadows on the Vatican Act I: Greed,2014-06-09,True,False,False,Mostly Positive,74,159,6.99,6.99,0.0,True
1066150,OMSI 2 Add-On D√ºsseldorf,2020-04-07,True,False,False,Mixed,59,76,29.99,29.99,0.0,True
501940,Hikikomori No Chuunibyou,2016-07-15,True,False,False,Mixed,62,40,1.99,1.99,0.0,True
1612420,Suit for Hire,2021-08-31,True,False,False,Very Positive,95,215,14.99,14.99,0.0,True
2196390,2022ÁîüÂ≠òÊåáÂçó 2022 SURVIVAL GUIDE,2023-03-14,True,False,False,Positive,94,19,2.99,2.99,0.0,True
97110,Kohan: Immortal Sovereigns,2011-08-24,True,False,False,Very Positive,82,90,9.99,9.99,0.0,True
1128180,CROSSNIQ+,2019-10-03,True,True,True,Very Positive,91,70,7.99,7.99,0.0,True
1345610,Sakura TTS,2020-07-01,True,False,False,Mixed,66,12,4.99,4.99,0.0,True
1262580,Need for Speed‚Ñ¢ Payback,2020-06-18,True,False,False,Very Positive,86,15052,29.99,29.99,0.0,True
514360,Freedom Fighter,2017-05-26,True,False,False,Mostly Positive,70,34,3.99,3.99,0.0,True
469890,Space Codex,2016-05-17,True,False,False,Very Positive,89,200,0.99,0.99,0.0,True
1834740,HYPERBLADE,2023-02-01,True,False,False,Positive,96,25,5.99,5.99,0.0,True
1130620,[Chilla's Art] Aka Manto | Ëµ§„Éû„É≥„Éà,2019-09-23,True,False,False,Very Positive,90,600,4.99,4.99,0.0,True
496030,Dark Parables: The Swan Princess and The Dire Tree Collector's Edition,2016-07-06,True,False,False,Positive,80,20,9.99,9.99,0.0,True
1416240,Â§úÊ∞∏ Eternal Love,2020-11-18,True,True,False,Overwhelmingly Positive,95,710,4.99,4.99,0.0,True
55389,Saints Row: The Third - Money Shot Pack,2012-02-13,True,False,True,Mostly Positive,76,72,1.99,1.99,0.0,True
446780,AMOK,2016-03-22,True,False,False,Mixed,40,151,0.99,0.99,0.0,True
562360,Planes Bullets and Vodka,2016-08-10,True,False,False,Very Positive,84,1374,0.99,0.99,0.0,True
1299980,CursorFX,2020-06-10,True,False,False,Mostly Positive,71,21,4.99,4.99,0.0,True
1956630,Sway,2022-04-26,True,False,False,Positive,83,12,0.0,0.0,0.0,True
368250,Valiant: Resurrection,2015-05-08,True,False,False,Mixed,67,46,0.49,4.99,90.0,True
1681970,Á•ûÈÉΩ‰∏çËâØÊé¢ Underdog Detective,2022-04-27,True,True,False,Mostly Positive,70,2230,6.39,7.99,20.0,True
1461960,Baby Goat Billy,2022-04-29,True,False,False,Positive,87,16,10.99,10.99,0.0,True
594300,Chasing Styx,2017-03-31,True,True,True,Very Positive,84,77,0.0,0.0,0.0,True
387921,Mushihimesama OST,2015-11-05,False,False,False,Positive,100,14,4.99,4.99,0.0,True
505740,Eximius: Seize the Frontline,2021-03-16,True,False,False,Mostly Positive,76,449,9.99,9.99,0.0,True
1839450,THE KING OF FIGHTERS XV - DLC Team Pass 'Team Pass 1',2022-03-17,True,False,False,Mixed,56,114,29.99,29.99,0.0,True
396440,Battle of Empires: 1914-1918 - Battle of Cambrai,2015-10-07,True,False,False,Mostly Positive,72,18,0.99,0.0,0.0,True
2512180,The Texas Chain Saw Massacre - Slaughter Family Execution Pack 1,2023-08-18,True,False,False,Very Positive,91,134,7.0,0.0,0.0,True
1443017,Forza Horizon 4: 2016 Honda Civic Coupe GRC,2021-03-09,True,False,False,Mixed,66,15,2.99,2.99,0.0,True
385950,Infection: Humanity's Last Gasp,2016-05-26,True,True,False,Mixed,47,17,9.99,9.99,0.0,True
409850,Criminal Girls: Invite Only,2017-01-11,True,False,False,Mostly Positive,78,481,19.99,19.99,0.0,True
1361280,Battle Brothers - Blazing Deserts,2020-08-13,True,False,False,Very Positive,84,265,12.74,14.99,15.0,True
2341550,The Callisto Protocol‚Ñ¢ - Contagion Bundle,2023-03-13,True,False,False,Very Negative,13,68,9.99,9.99,0.0,True
228601,Sins of a Solar Empire: Rebellion - Forbidden Worlds¬Æ DLC,2013-06-05,True,False,False,Positive,92,41,4.99,4.99,0.0,True
1219230,Bingo Hall,2020-01-21,True,True,False,Mostly Positive,79,24,2.99,2.99,0.0,True
481190,Stable Orbit - Build your own space station,2017-09-27,True,True,True,Mixed,53,265,19.99,19.99,0.0,True
531130,Euro Truck Simulator 2 - Vive la France !,2016-12-05,True,True,True,Very Positive,92,1742,17.99,17.99,0.0,True
208790,Tomb Raider: Scavenger Scout,2013-03-26,True,False,True,Mixed,62,58,0.99,0.99,0.0,True
522740,Oh My Godheads,2017-12-05,True,False,False,Mixed,41,17,14.99,14.99,0.0,True
783545,RPG Maker MV - Time Fantasy Add-on: Animals,2018-02-08,True,True,True,Mixed,61,13,2.99,2.99,0.0,True
268750,Magicite,2014-06-09,True,True,True,Very Positive,85,5734,9.99,9.99,0.0,True
1631010,Goldenjar Fall,2021-07-08,True,False,False,Positive,100,13,9.99,9.99,0.0,True
513710,SCUM,2018-08-29,True,False,False,Mostly Positive,74,75107,40.0,0.0,0.0,True
1203570,HexON,2020-02-07,True,True,False,Mostly Positive,77,61,0.99,0.99,0.0,True
2188960,Vampire Slayer: The Resurrection,2023-02-09,True,False,False,Positive,85,28,4.99,4.99,0.0,True
739960,Kokoda VR,2017-10-31,True,False,False,Positive,85,42,0.0,0.0,0.0,True
1432910,Godlike Burger,2022-04-21,True,True,True,Mostly Positive,74,381,19.99,19.99,0.0,True
1548320,GET OUT!,2021-03-02,True,False,False,Very Positive,94,387,0.0,0.0,0.0,True
529830,Game Character Hub: Portfolio Edition,2016-10-28,True,True,True,Mixed,65,84,24.99,24.99,0.0,True
1090130,NTBSS: Master Character Training Pack - Shisui Uchiha,2020-11-24,True,False,False,Very Positive,89,92,1.99,3.99,50.0,True
1157920,Beach Body Bros,2019-09-25,True,False,False,Positive,90,33,0.0,0.0,0.0,True
1343680,1001 Jigsaw: Earth Chronicles 2,2020-08-05,True,False,False,Mostly Positive,72,11,4.99,4.99,0.0,True
602200,Dreamlike Worlds,2017-03-06,True,True,False,Mostly Positive,70,24,0.99,0.99,0.0,True
646100,Woodlands,2017-09-27,True,False,False,Mostly Negative,35,20,5.99,5.99,0.0,True
443250,Legacy of the Elder Star,2016-06-07,True,True,True,Very Positive,88,53,0.0,0.0,0.0,True
918670,Jewel Match Twilight Solitaire,2018-09-13,True,False,False,Very Positive,95,82,9.99,9.99,0.0,True
1004960,DiRT Rally 2.0 - Opel Manta 400,2019-04-08,True,False,False,Positive,84,13,1.99,1.99,0.0,True
972910,Timore 6,2018-11-16,True,False,False,Positive,80,25,9.99,9.99,0.0,True
1646720,ARK: Genesis Part 2 Original Soundtrack,2021-06-02,False,False,False,Mostly Positive,70,37,0.0,0.0,0.0,True
2373290,The Game of Annie ÂÆâÂ¶ÆÁöÑÊ∏∏Êàè,2023-06-12,True,False,False,Mixed,69,247,10.99,10.99,0.0,True
1026880,FIREGROUND Modern War,2020-01-13,True,False,False,Mixed,68,41,0.49,4.99,90.0,True
1294780,Pathfinders: Memories,2021-02-16,True,True,False,Positive,100,35,2.99,2.99,0.0,True
2252420,Propaganda Inc.,2023-01-03,True,False,False,Mixed,47,19,0.0,0.0,0.0,True
428170,Little Reaper,2020-07-19,True,False,False,Positive,81,11,15.99,15.99,0.0,True
994210,Ultimate Fishing Simulator - Kariba Dam DLC,2019-03-15,True,False,False,Mixed,69,36,4.99,4.99,0.0,True
870390,Moonshine Maniacs - A Wild West Saga,2020-06-22,True,False,True,Mostly Positive,70,50,0.0,0.0,0.0,True
1606930,Warpips - Supporter Pack,2021-04-29,True,False,False,Positive,100,26,1.99,3.99,50.0,True
907670,Super Crush KO,2020-01-16,True,False,False,Very Positive,95,166,14.99,14.99,0.0,True
677650,Brass,2017-10-11,True,True,True,Mixed,57,33,9.99,9.99,0.0,True
1163870,Mecha Knights: Nightmare,2021-08-30,True,False,False,Very Positive,91,855,15.99,15.99,0.0,True
1428220,The friends of Ringo Ishikawa ‚Äì Manga,2020-10-09,True,True,False,Positive,86,15,1.99,1.99,0.0,True
348300,Chip's Challenge 2,2015-05-28,True,False,False,Very Positive,88,103,4.99,4.99,0.0,True
712650,Azure Sky Project,2017-12-08,True,False,False,Mostly Positive,72,22,0.0,0.0,0.0,True
1811800,World of Tanks ‚Äî Nimble Sharpshooter Pack,2021-11-19,True,False,False,Positive,94,17,29.99,29.99,0.0,True
430210,Megaton Rainfall,2017-11-17,True,False,False,Mostly Positive,71,1518,15.99,15.99,0.0,True
1814460,The Brave vs Dragon,2022-07-08,True,False,False,Mostly Positive,77,18,4.99,4.99,0.0,True
473910,The Nest,2016-06-14,True,False,False,Mixed,62,184,0.0,0.0,0.0,True
500620,Aerofly FS 2 - Switzerland,2016-07-14,True,True,True,Mostly Positive,78,38,19.99,19.99,0.0,True
1480120,100 hidden eternals,2020-12-09,True,False,False,Very Positive,93,294,1.99,1.99,0.0,True
335030,Total War: ATTILA - Blood & Burning,2015-03-25,True,False,True,Mostly Negative,30,733,2.99,2.99,0.0,True
585880,Once on a windswept night,2017-02-06,True,True,True,Very Positive,89,150,0.0,0.0,0.0,True
529420,Crazy Sapper 3D,2016-10-26,True,True,True,Mixed,67,55,0.99,0.99,0.0,True
2280200,Dream Bright,2023-02-21,True,False,False,Positive,94,18,0.0,0.0,0.0,True
33620,Crash Time 3,2009-11-25,True,False,False,Very Positive,84,455,5.99,5.99,0.0,True
628160,Genghis Khan II: Clan of the Gray Wolf,2017-06-27,True,False,False,Mixed,57,14,12.99,12.99,0.0,True
639650,1982,2017-06-28,True,False,False,Very Positive,93,754,0.0,0.0,0.0,True
218820,Mercenary Kings: Reloaded Edition,2014-03-25,True,True,True,Mostly Positive,75,1150,19.99,19.99,0.0,True
1503630,Arm of Revenge Re-Edition,2021-01-14,True,False,False,Mixed,66,21,4.99,4.99,0.0,True
50130,Mafia II (Classic),2011-03-22,True,False,False,Very Positive,94,29932,0.0,0.0,0.0,True
1814010,Stuck In Time,2021-12-09,True,False,False,Very Positive,85,577,7.99,7.99,0.0,True
1660520,Pirates,2021-12-11,True,False,False,Very Positive,80,620,0.0,0.0,0.0,True
1030060,Seed of Life,2021-08-11,True,False,False,Mixed,63,19,24.99,24.99,0.0,True
1059460,Drunken Fist üç∫üëä Totally Accurate Beat 'em up,2019-08-25,True,False,False,Mostly Positive,77,49,2.99,2.99,0.0,True
383840,Nimbatus - The Space Drone Constructor,2020-05-14,True,True,True,Very Positive,80,1546,19.99,19.99,0.0,True
230050,DLC Quest,2013-03-18,True,True,False,Very Positive,88,4997,2.99,2.99,0.0,True
905340,Heave Ho,2019-08-29,True,True,False,Very Positive,92,1540,3.99,9.99,60.0,True
38420,Fallout Tactics: Brotherhood of Steel,2009-08-19,True,False,False,Mostly Positive,79,1722,9.99,9.99,0.0,True
322970,Subject 13,2015-05-28,True,True,False,Mixed,52,122,9.99,9.99,0.0,True
1149590,Dreamland Solitaire,2019-09-18,True,False,False,Positive,100,23,6.99,6.99,0.0,True
257050,Darkout,2013-12-04,True,False,False,Mixed,51,552,9.99,9.99,0.0,True
2369470,Far Cry¬Æ 6 Season Pass,2023-05-11,True,False,False,Mostly Positive,72,22,15.99,39.99,60.0,True
431300,Classic Fun Collection 5 in 1,2016-04-29,True,True,False,Mixed,60,10,3.99,3.99,0.0,True
555320,Never give up!,2016-12-29,True,True,True,Mostly Positive,75,114,2.99,2.99,0.0,True
732460,Battle Brothers - Lindwurm,2017-10-19,True,False,False,Very Positive,90,123,0.0,0.0,0.0,True
516400,Freebie - Color Blind Pack (Yellow/Blue),2016-11-08,True,False,False,Positive,90,20,0.0,0.0,0.0,True
1232252,Borderlands 3: Gold Weapon Skins Pack,2020-04-01,True,False,False,Mixed,51,27,4.99,4.99,0.0,True
614582,Cities: Skylines - Rock City Radio,2017-05-18,True,True,True,Mostly Positive,76,78,3.99,3.99,0.0,True
952420,Shan Gui II: Sweet Osmanthus II,2018-12-15,True,True,True,Very Positive,96,378,4.99,4.99,0.0,True
923690,Hacker.exe,2018-09-14,True,True,False,Negative,16,18,8.99,8.99,0.0,True
1135971,The Surge 2 - Future Shock Weapon Pack,2019-10-22,True,False,False,Positive,89,19,0.0,0.0,0.0,True
544400,GUNGUNGUN,2017-04-14,True,False,False,Positive,100,14,4.99,4.99,0.0,True
2152190,Zombie Apocalypse Survival Simulator,2022-10-17,True,False,False,Very Positive,98,72,1.99,1.99,0.0,True
522340,Ghostlords,2016-11-18,True,True,True,Very Positive,95,61,0.49,4.99,90.0,True
807730,Draft Day Sports: College Basketball 2018,2018-03-13,True,False,False,Mixed,63,11,14.99,14.99,0.0,True
670820,Civitatem,2022-08-01,True,False,False,Mixed,62,102,12.99,12.99,0.0,True
1414530,Kavel,2021-04-15,True,True,True,Positive,100,14,4.99,4.99,0.0,True
853940,Moonfall Ultimate,2018-09-04,True,True,False,Mostly Negative,31,16,12.99,12.99,0.0,True
1062260,Êú´Ê≥ï‰ªôË∑Ø,2019-06-20,True,False,False,Mixed,44,61,6.99,6.99,0.0,True
2184230,Red Tape,2023-02-14,True,False,False,Positive,94,19,5.39,5.99,10.0,True
248510,Dominions 3: The Awakening,2013-09-10,True,True,True,Very Positive,80,100,19.99,19.99,0.0,True
215241,Sleeping Dogs: Top Dog Silver Pack,2012-08-13,True,False,False,Mostly Negative,38,13,1.99,1.99,0.0,True
1450340,Generation Zero¬Æ - US Weapons Pack,2020-12-17,True,False,False,Mostly Positive,70,67,2.99,2.99,0.0,True
532210,Life is Strange 2,2018-09-26,True,True,True,Very Positive,84,18634,0.0,0.0,0.0,True
1593790,iF Visual Novel Game Maker,2021-07-05,True,False,False,Mostly Positive,77,27,24.99,24.99,0.0,True
1135200,soko loco,2020-01-17,True,True,False,Mixed,60,10,2.99,2.99,0.0,True
1101300,Bloodstained: Ritual of the Night - Soundtrack,2019-06-18,False,False,False,Very Positive,91,100,9.99,9.99,0.0,True
1179680,Wurm Online,2020-07-24,True,True,True,Mixed,59,1731,0.0,0.0,0.0,True
988470,Jurassic World Evolution: Carnivore Dinosaur Pack,2019-04-17,True,False,False,Very Positive,86,121,4.99,4.99,0.0,True
284500,Dragons and Titans - Titan Pass,2014-09-10,True,True,False,Mostly Positive,78,32,0.0,0.0,0.0,True
1209150,Craft The World - Lonely Mountain,2019-12-27,True,True,False,Mixed,61,71,6.99,6.99,0.0,True
890290,DCS: L-39 Albatros - Kursant Campaign,2018-07-03,True,False,False,Mixed,54,22,9.99,9.99,0.0,True
788490,StackFortress,2018-03-04,True,False,False,Mixed,43,16,9.99,9.99,0.0,True
1261380,SUPERHOT: MIND CONTROL DELETE Soundtrack,2020-07-16,False,False,False,Very Positive,96,51,0.0,0.0,0.0,True
2990,FlatOut 2‚Ñ¢,2011-12-13,True,False,False,Overwhelmingly Positive,96,12050,9.99,9.99,0.0,True
1181020,Squillamorph,2019-11-17,True,False,False,Mixed,57,14,12.99,12.99,0.0,True
735360,Driver Booster 5 for Steam,2017-11-07,True,False,False,Very Positive,80,926,0.0,0.0,0.0,True
493650,Deep Space Dash,2016-07-07,True,False,False,Mostly Negative,36,136,1.99,1.99,0.0,True
208342,Train Simulator: UP GE 44 Loco Add-On,2012-08-23,True,False,False,Mixed,63,11,7.99,7.99,0.0,True
1148450,Detective Jackie - Mystic Case,2019-11-07,True,True,False,Very Positive,95,99,12.99,12.99,0.0,True
2203480,Reach the Moon!,2023-01-02,True,False,False,Positive,100,10,44.99,44.99,0.0,True
1556712,Capcom Arcade StadiumÔºöFINAL FIGHT,2021-05-24,True,False,False,Positive,90,10,1.99,1.99,0.0,True
564210,Fishermurs,2017-04-14,True,False,False,Mixed,62,64,0.99,0.99,0.0,True
2077550,Eremidia - Archivist's Curse,2022-08-15,True,False,False,Positive,97,40,0.0,0.0,0.0,True
1461420,Subway Train Simulator 2D,2020-12-01,True,False,False,Positive,93,15,4.99,4.99,0.0,True
2354080,Call of Duty Endowment (C.O.D.E.) - Valkyrie Pack,2023-05-17,True,False,False,Positive,87,16,9.99,9.99,0.0,True
1751921,Curious Expedition 2 - Robots of Lux,2022-09-15,True,False,False,Mixed,68,45,5.99,5.99,0.0,True
329430,State of Decay: YOSE,2015-04-27,True,False,False,Very Positive,81,8361,19.99,19.99,0.0,True
371500,Grey Cubes,2015-05-15,True,True,True,Very Positive,88,346,0.0,0.0,0.0,True
1412680,THE ORIGIN: Blind Maid,2021-07-22,True,False,False,Mixed,47,19,19.99,19.99,0.0,True
2269280,Pretend Cars Racing,2023-03-08,True,False,False,Positive,100,18,4.99,4.99,0.0,True
2241970,Sugar Tanks,2023-06-02,True,False,False,Positive,100,26,9.99,9.99,0.0,True
987740,Donald VS Martians,2019-04-19,True,False,False,Mixed,68,16,0.99,0.99,0.0,True
384150,TeraBlaster,2015-07-10,True,True,False,Mixed,69,1040,0.0,0.0,0.0,True
418160,Garden Rescue: Christmas Edition,2015-11-09,True,False,False,Positive,83,18,3.99,3.99,0.0,True
529020,Virtual-O,2016-12-07,True,False,False,Very Positive,89,102,39.99,39.99,0.0,True
793760,My Sweet Waifu,2018-03-07,True,False,False,Mixed,46,28,3.99,3.99,0.0,True
707580,AFFECTED: The Manor - The Complete Edition,2017-10-03,True,False,False,Mostly Positive,79,151,9.99,9.99,0.0,True
2108420,Climb Challenge - Castle,2022-08-17,True,True,True,Mostly Positive,71,14,9.99,99.99,90.0,True
714080,BLACK CLOVER: QUARTET KNIGHTS,2018-09-13,True,False,False,Mostly Positive,78,556,49.99,49.99,0.0,True
1045100,Smartphone Tycoon - Sandbox DLC,2019-03-06,True,False,False,Mostly Negative,22,70,1.99,1.99,0.0,True
1673230,Angle Soccer,2021-07-21,True,False,True,Positive,100,14,0.99,0.99,0.0,True
1017480,WarGround,2019-02-02,True,False,False,Mixed,55,20,0.0,0.0,0.0,True
376932,Train Simulator: Feather River Canyon Route Add-On,2016-02-15,True,False,False,Very Positive,86,68,24.99,24.99,0.0,True
63399,Sniper Elite V2 - The Landwehr Canal Pack,2012-10-18,True,False,False,Very Positive,81,55,4.99,4.99,0.0,True
1016250,100$,2019-02-01,True,False,False,Very Positive,85,80,0.99,0.99,0.0,True
386110,Raywin,2015-07-29,True,False,False,Mixed,51,43,2.99,2.99,0.0,True
799331,Ancestors Legacy - Digital Soundtrack,2018-05-22,False,False,False,Positive,95,23,7.99,7.99,0.0,True
1531605,Evil Genius 2: Portal Pack,2021-09-14,True,False,False,Mostly Positive,79,48,0.0,0.0,0.0,True
1976160,Pixel Palette Creator üé®üñåÔ∏è,2022-05-16,True,False,False,Positive,90,22,0.0,0.0,0.0,True
681190,Secrets of Arcadia,2017-10-02,True,True,False,Positive,90,11,4.99,4.99,0.0,True
368360,60 Seconds!,2015-05-25,True,True,False,Very Positive,83,9857,8.99,8.99,0.0,True
302020,Two Worlds II Strategy Guide,2015-05-22,True,True,False,Mixed,50,10,9.99,9.99,0.0,True
431730,Aseprite,2016-02-22,True,True,True,Overwhelmingly Positive,99,11608,20.0,0.0,0.0,True
817860,Perceptions of the Dead 2,2018-06-14,True,True,True,Very Positive,94,55,7.99,7.99,0.0,True
638650,Sword Art Online Re: Hollow Fragment,2018-08-20,True,False,False,Very Positive,80,1575,19.99,19.99,0.0,True
379560,FSX: Steam Edition - HD Airport Graphics Add-On,2016-01-12,True,False,False,Mostly Positive,71,167,12.99,12.99,0.0,True
1293620,Assemble with Care Soundtrack,2020-05-01,False,False,False,Positive,94,18,0.0,0.0,0.0,True
216172,AirMech Strike Pack,2012-10-05,True,False,False,Positive,83,18,9.99,9.99,0.0,True
363420,Leap of Fate,2016-03-30,True,False,False,Very Positive,88,310,15.99,15.99,0.0,True
812770,Lunapark VR,2018-03-09,True,False,False,Mixed,57,19,1.99,1.99,0.0,True
1538750,Master of Pieces ¬© Jigsaw Puzzles,2021-12-17,True,False,False,Positive,90,22,0.0,0.0,0.0,True
906030,NOCE,2018-11-26,True,False,False,Mixed,66,12,17.99,17.99,0.0,True
559210,Rakuen,2017-05-10,True,True,True,Overwhelmingly Positive,97,4141,14.99,14.99,0.0,True
1259240,//TODO: today,2021-04-10,True,True,True,Very Positive,95,337,0.0,0.0,0.0,True
562260,WAVESHAPER,2017-05-03,True,False,True,Very Positive,89,290,1.99,1.99,0.0,True
672271,Car Mechanic Simulator 2018 - Dodge DLC,2017-07-28,True,True,False,Mixed,69,107,4.99,4.99,0.0,True
491180,Discrepant,2019-12-07,True,False,False,Mixed,55,20,0.0,0.0,0.0,True
944120,Abalyte,2018-10-15,True,False,False,Mixed,65,194,0.0,0.0,0.0,True
882040,The Outpost Nine: Episode 1,2018-07-27,True,True,False,Mostly Positive,77,35,4.99,4.99,0.0,True
672680,Call of War: World War 2,2017-10-21,True,True,False,Mixed,69,4085,0.0,0.0,0.0,True
320372,Raid Mode: Throwback Map Pack,2015-02-24,True,False,False,Mixed,46,43,4.99,4.99,0.0,True
494170,Miniature Garden,2017-03-30,True,False,False,Very Positive,82,51,19.99,19.99,0.0,True
565110,Mobile Astro,2016-12-15,True,False,False,Mostly Positive,73,162,0.0,0.0,0.0,True
1035510,Ultimate Zombie Defense,2020-12-08,True,True,False,Very Positive,86,1115,4.99,4.99,0.0,True
1068640,Village Feud,2019-06-21,True,False,False,Mixed,69,295,3.99,3.99,0.0,True
2453770,Pop and Chicks,2023-06-22,True,False,False,Positive,100,13,1.49,1.99,25.0,True
742510,Psikodelya,2019-08-07,True,False,False,Mostly Positive,71,14,14.99,14.99,0.0,True
317600,Company of Heroes: Eastern Front,2017-06-01,True,False,False,Very Positive,86,1355,0.0,0.0,0.0,True
874343,SOULCALIBUR VI - DLC5: Character Creation Set B,2019-05-15,True,False,False,Mostly Negative,37,40,5.99,5.99,0.0,True
1212190,deer hunter II,2020-01-17,True,True,False,Positive,83,43,2.99,2.99,0.0,True
1948290,Before The Last Hour,2022-05-16,True,False,False,Mostly Positive,78,33,24.99,24.99,0.0,True
2278550,Deck of the Dead,2023-03-14,True,False,False,Positive,82,29,0.0,0.0,0.0,True
609850,Slinger VR,2020-04-23,True,False,False,Positive,83,18,14.99,14.99,0.0,True
306700,Iron Fisticle,2014-09-16,True,False,False,Very Positive,86,292,8.99,8.99,0.0,True
635310,Ski Sniper,2017-05-18,True,True,False,Very Positive,84,197,4.99,4.99,0.0,True
516430,Ruin of the Reckless,2017-04-26,True,False,False,Mostly Positive,73,42,9.99,9.99,0.0,True
284830,Clockwork Tales: Of Glass and Ink,2014-04-24,True,True,True,Very Positive,90,562,9.99,9.99,0.0,True
1978800,AQtion,2022-06-01,True,True,True,Mostly Positive,78,302,0.0,0.0,0.0,True
729300,Cleansuit,2017-11-01,True,True,False,Positive,100,30,3.99,3.99,0.0,True
2151820,Zombie Arena,2022-10-15,True,False,False,Positive,82,34,0.37,1.99,81.0,True
1172280,BUS SIMULATOR,2019-11-18,True,False,False,Positive,86,38,0.0,0.0,0.0,True
743130,MewnBase,2018-12-07,True,False,True,Very Positive,94,985,9.99,9.99,0.0,True
2323870,‰π±‰∏ñÊó†Âèå,2023-03-08,True,False,False,Very Positive,94,75,0.0,0.0,0.0,True
470260,Event[0],2016-09-14,True,True,False,Mostly Positive,78,1309,19.99,19.99,0.0,True
517550,The Enlightened League of Bone Builders and the Osseous Enigma,2016-08-29,True,False,False,Mostly Positive,73,30,0.0,0.0,0.0,True
1781640,Spermicide,2021-10-24,True,False,False,Positive,100,10,0.99,0.99,0.0,True
1028800,Survival Camp,2019-12-31,True,False,False,Mixed,47,197,10.99,10.99,0.0,True
444220,Asteroid Bounty Hunter,2016-02-24,True,True,True,Mixed,61,223,1.09,10.99,90.0,True
1454640,A Tale of Paper: Refolded,2022-08-19,True,False,False,Positive,87,40,19.99,19.99,0.0,True
2269460,ÂâµÊ•≠Áéã CEO,2023-01-20,True,False,False,Positive,92,14,9.99,9.99,0.0,True
1491340,Marble World,2022-09-30,True,False,False,Very Positive,89,715,19.99,19.99,0.0,True
423630,Assetto Corsa - Dream Pack 3,2015-12-15,True,False,False,Very Positive,97,175,6.99,6.99,0.0,True
820203,Train Simulator: Portsmouth Direct Line: London Waterloo - Portsmouth Route Add-On,2018-07-13,True,False,False,Mostly Positive,73,110,24.99,24.99,0.0,True
621840,Monster Slayers - Advanced Classes Unlocker,2017-04-07,True,True,False,Mixed,60,10,0.53,1.99,73.0,True
322930,aerofly RC 7,2014-11-06,True,False,False,Very Positive,81,183,39.99,39.99,0.0,True
1462530,CARRION Deluxe Edition Content,2020-10-30,True,True,True,Mostly Positive,78,33,9.99,9.99,0.0,True
364200,Farabel,2016-10-14,True,True,True,Mixed,68,63,9.99,9.99,0.0,True
2197160,Castle Of Secrets: Prologue,2022-11-18,True,False,False,Very Positive,83,259,0.0,0.0,0.0,True
1915660,Vamps For The Memories,2022-03-10,True,True,False,Positive,88,25,0.0,0.0,0.0,True
282880,FaeVerse Alchemy,2014-04-02,True,False,False,Mixed,65,330,0.0,0.0,0.0,True
1187790,FULLCHOKE : Clay Shooting VR,2019-11-27,True,False,False,Mostly Positive,77,18,16.99,16.99,0.0,True
965920,RocketGO,2018-11-26,True,True,False,Positive,84,25,0.0,0.0,0.0,True
1625960,Loverowind,2021-05-19,True,False,False,Mostly Positive,74,59,0.59,0.99,40.0,True
2163330,Yet Another Zombie Survivors,2023-07-13,True,False,False,Very Positive,89,3924,10.0,0.0,0.0,True
1877111,The Quarry ‚Äì Deluxe Bonus Content Pack,2022-06-29,True,False,False,Mostly Positive,74,27,14.99,14.99,0.0,True
1662503,World of Tanks ‚Äî French Express Pack,2021-06-24,True,False,False,Very Positive,82,215,5.99,5.99,0.0,True
1464740,Moving Out - Movers in Paradise,2021-02-25,True,False,False,Positive,95,22,7.49,7.49,0.0,True
1269990,Wishy Washy,2020-05-08,True,True,False,Positive,81,16,0.0,0.0,0.0,True
924650,Hifuu Nightmare Diary ~ Violet Detector.,2018-09-04,True,False,False,Mostly Positive,76,252,10.99,10.99,0.0,True
1832140,Epic Tower for Tireless Lovers,2021-12-18,True,False,False,Mostly Positive,78,14,0.0,0.0,0.0,True
1060060,GOLF in PAPER,2019-12-13,True,False,False,Mixed,40,10,1.99,1.99,0.0,True
796900,Trivia Vault: Mixed Trivia 2,2018-02-13,True,False,False,Mixed,66,39,14.99,14.99,0.0,True
648780,It's Quiz Time,2017-11-30,True,False,False,Mostly Positive,71,181,19.99,19.99,0.0,True
283940,Freddi Fish and the Case of the Missing Kelp Seeds,2014-04-17,True,True,True,Very Positive,97,418,6.99,6.99,0.0,True
1637251,Train Simulator: Southwestern Expressways: Reading - Exeter Route Add-On,2021-07-23,True,False,False,Mixed,60,10,22.04,44.99,51.0,True
1753400,Visite virtuelle de l'Assembl√©e nationale,2021-09-16,True,False,False,Mostly Positive,77,49,0.0,0.0,0.0,True
1652490,Boxing Club Manager,2022-10-07,True,True,False,Mixed,60,66,39.99,39.99,0.0,True
466300,Planescape: Torment: Enhanced Edition,2017-04-11,True,True,True,Very Positive,94,3396,19.99,19.99,0.0,True
492140,Dead by Daylight - Original Soundtrack,2016-06-14,False,False,False,Very Positive,82,281,9.99,9.99,0.0,True
1870630,Virtual Virtual Reality 2,2022-10-25,True,False,False,Mixed,41,17,19.99,19.99,0.0,True
561230,Special Delivery,2016-12-16,True,False,False,Mixed,57,21,9.99,9.99,0.0,True
845640,Sonic Mania - Encore DLC,2018-07-17,True,False,False,Very Positive,90,591,4.99,4.99,0.0,True
1304660,Vagrus - The Riven Realms: Prologue,2020-07-10,True,True,True,Mostly Positive,71,155,0.0,0.0,0.0,True
1072150,Hedon Bloodrite,2019-05-16,True,False,True,Very Positive,94,1252,16.99,16.99,0.0,True
654440,Isotiles - Isometric Puzzle Game,2017-06-16,True,True,False,Very Positive,86,167,1.99,1.99,0.0,True
337150,Sentinels of the Multiverse,2014-12-22,True,True,True,Very Positive,93,1029,9.99,9.99,0.0,True
761590,Monster Hunter: World - Gesture: Air Splits,2018-10-04,True,False,False,Positive,100,10,1.99,1.99,0.0,True
1467260,PSIONIC,2020-11-20,True,False,False,Positive,83,24,0.28,0.99,71.0,True
787990,Resume: The Video Game,2018-03-03,True,False,False,Mostly Positive,71,35,0.0,0.0,0.0,True
1809930,Christmas With My Family - Jigsaw Puzzle,2021-12-04,True,False,False,Positive,100,19,0.79,1.99,60.0,True
493620,VR Disc Golf,2016-07-18,True,False,False,Mostly Positive,75,12,9.99,9.99,0.0,True
898750,Super Robot Wars 30,2021-10-27,True,False,False,Very Positive,88,4281,59.99,59.99,0.0,True
448390,Maneki's Curse,2016-10-25,True,False,False,Mixed,56,30,0.0,0.0,0.0,True
1380290,New Witch in Town,2023-01-26,True,True,True,Negative,18,11,8.99,8.99,0.0,True
1612810,Star Chef 2: Cooking Game,2021-08-09,True,False,False,Mostly Positive,75,220,0.0,0.0,0.0,True
720730,Without Escape,2018-04-24,True,True,True,Mixed,40,20,4.99,4.99,0.0,True
1336070,Ynglet: Prologue,2021-02-18,True,True,False,Positive,82,34,0.0,0.0,0.0,True
1189750,WinTweaker,2019-12-11,True,False,False,Mixed,61,18,4.99,4.99,0.0,True
1064090,Lawnmower Game 4: The Final Cut,2019-05-10,True,False,False,Positive,91,23,1.99,1.99,0.0,True
969110,Steel Rats‚Ñ¢ Stylish Mayhem - Skins DLC,2018-11-07,True,True,True,Positive,95,22,0.0,0.0,0.0,True
1264760,Saturn Quest: Shadow of Planetus,2020-04-14,True,False,False,Mostly Negative,38,13,2.99,2.99,0.0,True
1925760,Where Are My Mittens,2022-04-08,True,True,False,Very Positive,86,58,0.0,0.0,0.0,True
1159540,Fear the Dark Unknown,2019-12-02,True,False,False,Mostly Positive,73,104,29.99,29.99,0.0,True
396171,HELLDIVERS‚Ñ¢ - Pistols Perk Pack,2015-12-07,True,False,False,Mostly Negative,34,91,2.99,2.99,0.0,True
1619320,Phoenix Point - Expansion Pass,2021-05-20,True,True,False,Mixed,69,13,0.0,0.0,0.0,True
537340,Guts and Glory,2018-07-19,True,True,True,Very Positive,81,1571,14.99,14.99,0.0,True
621080,Persian Nights: Sands of Wonders,2017-06-29,True,True,True,Very Positive,89,146,9.99,9.99,0.0,True
1966700,Windfolk: Sky is just the Beginning,2022-09-26,True,False,False,Positive,92,14,12.99,12.99,0.0,True
2211190,BYTE FYTE (MULTIPLAYER),2022-11-19,True,False,False,Positive,86,23,0.99,0.99,0.0,True
1380390,Dread X Collection 2,2020-08-21,True,False,False,Very Positive,95,415,9.99,9.99,0.0,True
1368870,Field of Glory II: Medieval,2021-02-04,True,False,False,Very Positive,87,286,14.99,29.99,50.0,True
557810,Clicker Guild,2016-12-16,True,False,False,Mixed,54,625,0.0,0.0,0.0,True
754320,Pixel Noir,2019-06-01,True,True,True,Positive,88,17,14.99,14.99,0.0,True
1108350,Boet Fighter,2019-10-08,True,False,False,Very Positive,88,112,14.99,14.99,0.0,True
284970,Project Root,2014-05-01,True,False,False,Mixed,46,56,9.99,9.99,0.0,True
527700,Containment Initiative,2017-04-14,True,False,False,Very Positive,89,445,9.99,9.99,0.0,True
351480,Age of Fear: The Undead King,2015-06-26,True,True,True,Very Positive,90,278,4.99,24.99,80.0,True
926340,Roman's Christmas / ÁΩóÊõºÂú£ËØûÊé¢Ê°àÈõÜ,2020-02-19,True,True,False,Overwhelmingly Positive,96,1257,10.99,10.99,0.0,True
804000,Expendable,2018-02-27,True,False,False,Positive,84,45,0.99,3.99,75.0,True
2148903,Cities: Skylines - Content Creator Pack: Map Pack 2,2022-12-13,True,True,True,Mostly Positive,75,33,5.99,5.99,0.0,True
1280070,Ballad of The Masked Bandits,2020-06-01,True,False,False,Mostly Positive,70,48,0.0,0.0,0.0,True
574120,Sausage Sports Club,2018-07-19,True,True,False,Mostly Positive,72,22,14.99,14.99,0.0,True
269990,Infinite Space III: Sea of Stars,2015-10-29,True,True,False,Mostly Positive,77,45,4.99,4.99,0.0,True
2169810,Mermaid,2022-10-21,True,False,False,Mixed,60,10,3.99,4.99,20.0,True
23420,Europa Universalis: Rome - Gold Edition,2008-12-18,True,False,False,Mixed,65,189,9.99,9.99,0.0,True
499210,Road Rage,2017-11-14,True,False,False,Mostly Negative,38,44,9.99,9.99,0.0,True
1558900,Pandemic Love,2021-04-27,True,False,False,Very Positive,93,211,0.0,0.0,0.0,True
1668670,snowboarding,2021-08-04,True,False,False,Mostly Positive,79,29,0.0,0.0,0.0,True
200010,Quantum Conundrum,2012-06-21,True,False,False,Very Positive,83,1549,8.99,8.99,0.0,True
1157790,I Can't Believe It's Not Gambling 2(K),2019-12-16,True,False,True,Mixed,43,48,1.99,1.99,0.0,True
967275,FSX Steam Edition: VFR Real Scenery NexGen 3D - Vol. 1: Southern England and South Wales Add-On,2019-04-10,True,False,False,Mostly Negative,23,17,37.99,37.99,0.0,True
1543470,aMAZE Gears 3,2021-02-18,True,False,False,Positive,81,11,1.99,1.99,0.0,True
444670,Super Impossible Road,2016-05-11,True,True,False,Very Positive,88,80,14.99,14.99,0.0,True
2576800,MK1: Shang Tsung,2023-09-19,True,False,False,Mostly Negative,38,59,8.0,0.0,0.0,True
249910,Forge - Starter Pack,2013-08-19,True,False,False,Negative,15,13,6.99,6.99,0.0,True
2341920,‰∏âÂúãÁ´ãÂøóÂÇ≥2,2023-03-24,True,False,False,Positive,85,48,7.99,7.99,0.0,True
748890,Choice of Rebels: Uprising,2017-11-09,True,True,True,Very Positive,90,117,7.99,7.99,0.0,True
900790,Bunny Minesweeper,2018-08-10,True,False,True,Very Positive,90,51,2.99,2.99,0.0,True
640970,In Game Adventure: Legend of Monsters,2017-06-29,True,False,True,Mostly Positive,75,124,0.0,0.0,0.0,True
816090,Space Hulk: Deathwing Enhanced Edition,2018-05-22,True,False,False,Mostly Positive,71,6624,29.99,29.99,0.0,True
1096890,3D Custom Lady Maker - Summer Style Pack,2019-06-27,True,False,False,Mixed,63,11,2.99,2.99,0.0,True
18400,Crazy Machines 2,2015-05-29,True,False,False,Mixed,58,105,9.99,9.99,0.0,True
657590,Grav Blazer,2017-07-17,True,False,False,Mixed,60,53,4.99,4.99,0.0,True
969220,Up in the Air,2020-02-21,True,False,False,Positive,84,32,0.0,0.0,0.0,True
654080,Der einzig wahre Auserw√§hlte,2017-08-02,True,True,True,Positive,92,13,7.99,7.99,0.0,True
577470,Last Days Of Tascaria,2019-10-04,True,False,False,Mostly Positive,75,20,7.99,7.99,0.0,True
619280,Gloom,2017-04-13,True,True,True,Very Positive,83,476,9.99,9.99,0.0,True
677820,BusinessMan,2017-07-28,True,False,False,Mixed,45,20,8.99,8.99,0.0,True
851850,DRAGON BALL Z: KAKAROT,2020-01-16,True,False,False,Very Positive,93,32924,60.0,0.0,0.0,True
1577530,Spider-Robots War,2021-04-02,True,False,False,Mixed,66,24,2.99,2.99,0.0,True
27940,Dead Horde,2011-07-27,True,False,False,Mostly Negative,35,432,2.99,5.99,50.0,True
500,Left 4 Dead,2008-11-17,True,True,False,Overwhelmingly Positive,96,41569,10.0,0.0,0.0,True
272710,The LEGO¬Æ Movie - Videogame DLC - Wild West Pack,2014-02-07,True,False,False,Mixed,63,30,2.99,2.99,0.0,True
1815933,Ruined King: A League of Legends Story‚Ñ¢ - Lost & Found Weapon Pack,2021-11-16,True,False,False,Mostly Negative,20,83,4.99,4.99,0.0,True
1898990,Jigsaw Pink,2022-03-08,True,False,False,Positive,100,14,0.74,0.99,25.0,True
1702740,Who dies first,2022-03-01,True,False,False,Positive,82,29,0.37,1.99,81.0,True
1071240,Earthlingo,2019-10-17,True,False,True,Very Positive,96,128,0.0,0.0,0.0,True
439440,Of Carrots And Blood,2016-03-25,True,True,False,Mostly Positive,76,38,2.99,2.99,0.0,True
1415630,River Attack,2020-10-23,True,False,False,Positive,90,11,0.99,0.99,0.0,True
671170,Great eSports Manager,2017-08-16,True,True,True,Very Positive,84,89,9.99,9.99,0.0,True
327090,Out of Reach,2018-07-13,True,True,True,Mixed,56,2333,14.99,14.99,0.0,True
931920,Hiveswap Friendsim - Volume Eleven,2018-09-03,True,True,True,Positive,100,19,0.0,0.0,0.0,True
255520,Viscera Cleanup Detail: Shadow Warrior,2013-10-11,True,False,False,Mostly Positive,79,1928,0.0,0.0,0.0,True
800240,Ghostly Matter,2018-07-12,True,False,False,Mixed,62,35,9.99,9.99,0.0,True
382350,Devil's Bluff,2015-10-28,True,True,False,Mixed,50,85,3.99,3.99,0.0,True
1161270,Freud Gate,2019-12-04,True,False,False,Mostly Positive,78,386,0.0,0.0,0.0,True
2302820,FAS: Fight Action Sandbox,2023-04-19,True,False,False,Positive,91,24,4.89,6.99,30.0,True
645450,Gravity Quest,2017-06-23,True,True,False,Mixed,60,38,0.89,2.99,70.0,True
913820,MMA Simulator,2018-09-25,True,False,False,Mixed,40,20,9.99,9.99,0.0,True
299500,International Snooker,2014-05-30,True,False,False,Mixed,65,343,5.99,5.99,0.0,True
11610,Dragon Nest,2012-12-18,True,False,False,Mostly Positive,72,2247,0.0,0.0,0.0,True
691320,Gun Club VR,2018-08-27,True,False,False,Mostly Positive,79,569,19.99,19.99,0.0,True
2079710,Fant√¥me,2022-08-11,True,False,True,Mixed,60,28,4.99,4.99,0.0,True
1581880,Super Mega Zero,2022-04-20,True,False,False,Positive,100,15,9.99,9.99,0.0,True
1002490,Roulette Simulator 2,2018-12-31,True,False,False,Mixed,57,21,0.99,0.99,0.0,True
2387780,ÈæôÂÇ≤Â§©ÁöÑÂ§öÂÖÉÂÆáÂÆô,2023-05-24,True,False,False,Mixed,40,54,0.0,0.0,0.0,True
594184,Blackwake Official Soundtrack,2017-03-02,True,True,False,Positive,100,27,5.99,5.99,0.0,True
1284870,Ultre√Øa,2021-05-31,True,False,False,Positive,95,43,1.39,13.99,90.0,True
285380,On The Road - Truck Simulator,2019-11-14,True,True,False,Mixed,51,830,29.99,29.99,0.0,True
826540,Audio Trip,2022-12-19,True,False,False,Very Positive,89,224,19.99,19.99,0.0,True
1103840,Frostpunk Digital Artbook,2019-08-27,True,True,False,Very Positive,89,95,0.0,0.0,0.0,True
1028170,Tahko Alpine Ski,2019-02-25,True,False,False,Positive,89,47,0.0,0.0,0.0,True
666640,Empire - Wargame of new Century,2018-11-06,True,False,False,Mixed,60,10,6.99,6.99,0.0,True
593670,Sponchies,2017-09-27,True,False,False,Positive,86,46,0.0,0.0,0.0,True
556392,Steep‚Ñ¢ - Extreme Pack,2017-06-27,True,False,False,Mostly Positive,79,74,9.99,9.99,0.0,True
1028420,Paper Memories - Comics from To the Moon & Finding Paradise,2019-03-08,True,True,True,Very Positive,100,71,1.99,1.99,0.0,True
786990,SpellKeeper,2018-04-03,True,True,False,Positive,90,33,0.51,3.99,87.0,True
1269310,MasterPlan,2021-01-26,True,True,True,Very Positive,90,64,19.99,19.99,0.0,True
1347751,PAYDAY 2: Weapon Color Pack 2,2020-06-30,True,False,True,Very Positive,93,100,2.99,2.99,0.0,True
1048100,Peekaboo,2019-08-07,True,False,False,Very Positive,80,2741,5.99,5.99,0.0,True
1140640,Gunvolt Chronicles: Luminous Avenger iX - Kohaku DLC Outfit - 'Lolawear',2019-09-25,True,False,False,Positive,100,16,0.0,0.0,0.0,True
2236330,Demonic Labyrinth,2022-12-24,True,False,False,Mixed,58,12,60.0,60.0,0.0,True
361550,Cradle,2015-07-24,True,False,True,Mixed,68,1657,12.99,12.99,0.0,True
1400260,Legendary Journeys,2020-09-07,True,False,False,Positive,95,20,11.99,11.99,0.0,True
837220,Doodle Tanks,2020-03-13,True,True,True,Mixed,55,18,7.99,7.99,0.0,True
1873230,Cursed Exped,2022-07-10,True,False,False,Mixed,64,14,3.99,7.99,50.0,True
210561,Sniper Elite V2 - Kill Hitler + 2 Rifles,2012-06-06,True,False,False,Mixed,63,41,7.99,7.99,0.0,True
782300,Unstoppable Hamster,2018-01-24,True,False,False,Mostly Positive,72,47,1.99,1.99,0.0,True
2079230,Resonance,2022-09-28,True,False,False,Mostly Negative,27,11,0.0,0.0,0.0,True
2282200,Echo Storm,2023-03-16,True,False,False,Positive,81,11,4.99,4.99,0.0,True
497680,Plates,2016-08-19,True,True,True,Mostly Positive,77,45,0.99,0.99,0.0,True
2154970,CarX Drift Racing Online - Engine Swaps Unlock,2022-11-21,True,False,False,Mixed,47,23,4.99,4.99,0.0,True
1758200,ITRP _ Gas Prison,2021-10-08,True,False,False,Positive,82,17,0.0,0.0,0.0,True
587570,Elsewhere High: Chapter 1 - A Visual Novel,2017-03-31,True,True,False,Mixed,66,69,0.0,0.0,0.0,True
2130590,PUNCH FIT,2022-09-11,True,False,False,Mostly Positive,75,88,0.0,0.0,0.0,True
1009820,Dead by Daylight - Demise of the Faithful Chapter,2019-03-19,True,False,False,Very Positive,80,631,6.99,6.99,0.0,True
654400,Shank n' Bake,2020-04-29,True,True,False,Positive,90,31,3.99,3.99,0.0,True
386320,Naninights,2015-07-24,True,False,False,Mostly Negative,29,17,0.0,0.0,0.0,True
704740,Life is Strange: Before the Storm Episode 3,2017-12-19,True,True,True,Very Positive,86,228,0.0,0.0,0.0,True
529240,Creature Clicker - Capture Train Ascend!,2017-04-28,True,False,False,Mixed,48,165,1.99,1.99,0.0,True
1565580,Mini Island: Spring,2021-03-19,True,False,False,Positive,81,11,2.99,2.99,0.0,True
888650,Northgard - Sv√°fnir Clan of the Snake,2018-07-19,True,True,True,Mostly Positive,75,192,4.99,4.99,0.0,True
1669000,Age of Wonders 4,2023-05-02,True,False,False,Very Positive,80,7770,50.0,0.0,0.0,True
1267860,Hinterhalt 3,2020-04-25,True,True,True,Mostly Positive,70,20,3.99,3.99,0.0,True
929430,Mahjong Magic Journey 2,2018-11-16,True,True,False,Mixed,55,18,4.99,4.99,0.0,True
914020,Gibbous -  A Cthulhu Adventure,2019-08-07,True,True,True,Very Positive,88,1622,19.99,19.99,0.0,True
1574750,Super Retro Fighter,2021-04-11,True,False,False,Mostly Positive,75,52,11.99,11.99,0.0,True
434680,Lamia's Game Room,2016-02-16,True,True,False,Mixed,68,113,0.49,0.99,50.0,True
1746560,Blacken Slash,2022-07-22,True,True,True,Positive,100,22,9.99,9.99,0.0,True
1703230,Colors!,2021-08-06,True,False,False,Very Positive,83,74,0.99,0.99,0.0,True
793990,Dupio,2018-03-06,True,False,False,Mixed,45,11,9.99,9.99,0.0,True
592120,Glyphs Apprentice,2017-03-16,True,False,False,Mixed,66,12,0.99,0.99,0.0,True
225823,Borderlands 2: Siren Madness Pack,2013-01-22,True,True,True,Mixed,67,74,0.99,0.99,0.0,True
995651,Warhammer 40000: Inquisitor - Martyr - Corrosive Footprints,2019-01-04,True,False,False,Mostly Negative,33,15,1.99,1.99,0.0,True
300120,Blade Kitten: Episode 2,2015-03-16,True,False,False,Positive,83,30,4.99,4.99,0.0,True
1942100,Escape Simulator: Steampunk DLC,2022-06-06,True,True,True,Very Positive,83,187,4.0,0.0,0.0,True
982580,Â•≥Â∑´‰∏éÂÖ≠‰æøÂ£´ the sibyl and sixpence,2018-12-31,True,False,False,Very Positive,83,456,0.99,0.99,0.0,True
3910,Sid Meier's Civilization¬Æ III Complete,2006-10-25,True,False,False,Very Positive,91,4180,1.24,4.99,75.0,True
861885,Train Simulator: √ñBB 1144 & CityShuttle Wiesel Loco Add-On,2018-11-01,True,False,False,Mostly Positive,77,31,19.99,19.99,0.0,True
1456290,BoltBreak,2021-02-01,True,False,False,Positive,84,38,0.0,0.0,0.0,True
1176460,They Came From a Communist Planet,2019-11-11,True,False,False,Very Positive,88,153,0.0,0.0,0.0,True
1407790,Earth Attack,2020-09-14,True,False,False,Positive,96,25,9.99,9.99,0.0,True
605110,VR Chair Games,2017-04-04,True,False,False,Mostly Negative,31,19,0.99,0.99,0.0,True
293660,TRI: Of Friendship and Madness,2014-10-09,True,True,True,Very Positive,85,334,14.99,14.99,0.0,True
246580,The Typing of The Dead: Overkill,2013-10-29,True,False,False,Very Positive,86,2200,19.99,19.99,0.0,True
886160,Respublica,2020-07-04,True,True,True,Mixed,61,219,0.0,0.0,0.0,True
2198610,DREDGE - Digital Artbook,2023-03-30,True,True,True,Positive,100,11,3.99,3.99,0.0,True
2506160,Fears to Fathom - Ironbark Lookout,2023-10-20,True,False,False,Very Positive,91,423,6.0,0.0,0.0,True
1475440,REVISITOR,2021-11-19,True,False,False,Positive,97,43,0.0,0.0,0.0,True
886310,The Island Combat,2021-05-08,True,False,False,Mixed,41,12,0.89,8.99,90.0,True
1163300,visser,2020-01-17,True,True,False,Mixed,63,11,2.99,2.99,0.0,True
598960,Mashinky,2018-10-06,True,False,False,Very Positive,87,1979,24.99,24.99,0.0,True
246680,Secrets of R√¶tikon,2014-04-17,True,True,True,Mixed,68,160,9.99,9.99,0.0,True
32430,STAR WARS‚Ñ¢ - The Force Unleashed‚Ñ¢ Ultimate Sith Edition,2009-12-15,True,True,False,Mostly Positive,74,6269,6.99,19.99,65.0,True
1412780,Axis Football 2020,2020-10-07,True,True,True,Mostly Positive,72,155,14.99,14.99,0.0,True
1443058,Forza Horizon 4: 2018 Alfa Romeo Stelvio Quadrifoglio,2021-03-09,True,False,False,Positive,90,11,2.99,2.99,0.0,True
1988540,The Zachtronics Solitaire Collection,2022-09-06,True,True,True,Very Positive,98,291,9.99,9.99,0.0,True
881610,Professor Watts Word Search: Space Voyage,2018-06-25,True,False,False,Mostly Negative,37,16,4.99,4.99,0.0,True
617440,Arcade Mayhem Juanito,2017-08-03,True,False,False,Very Positive,96,179,9.99,9.99,0.0,True
980541,Train Simulator: S√ºdbahn: Bruck an der Mur - Maribor Route Add-On,2019-06-27,True,False,False,Mixed,42,35,39.99,39.99,0.0,True
941951,Devil May Cry 5 - Alt Title Calls,2019-03-07,True,False,False,Positive,100,10,0.99,0.99,0.0,True
689950,Rez Infinite Digital Deluxe DLC,2017-08-09,True,False,False,Positive,93,15,4.99,4.99,0.0,True
438720,Heroes of Shadow Guard,2016-08-03,True,False,False,Mixed,48,56,0.0,0.0,0.0,True
520860,Impulse of War,2017-02-24,True,False,False,Mixed,65,445,0.0,0.0,0.0,True
1305050,Lightless,2020-06-19,True,True,False,Very Positive,82,155,0.0,0.0,0.0,True
496640,Strange Night,2016-07-26,True,False,False,Mixed,62,258,0.49,4.99,90.0,True
1342810,United Assault - Normandy '44,2021-10-27,True,False,False,Mixed,54,59,14.99,14.99,0.0,True
676930,TwinCop,2019-05-10,True,True,False,Positive,89,28,14.99,14.99,0.0,True
1123650,Bus Simulator 18 - Mercedes-Benz Bus Pack 1,2020-07-29,True,False,False,Mixed,64,42,6.99,6.99,0.0,True
345180,Victor Vran ARPG,2015-07-24,True,True,True,Very Positive,85,3421,19.99,19.99,0.0,True
1185740,Mira,2020-03-25,True,False,False,Mostly Positive,79,24,9.99,9.99,0.0,True
1308170,Possession 1881,2020-06-05,True,False,False,Mostly Positive,72,11,4.99,4.99,0.0,True
845880,Touhou: Scarlet Curiosity,2018-07-11,True,False,False,Very Positive,92,928,14.99,14.99,0.0,True
2228210,Project Astra Dominium,2023-03-29,True,True,True,Positive,100,26,14.99,14.99,0.0,True
523500,Yu-Gi-Oh! Duelist Kingdom,2016-12-07,True,False,False,Mixed,47,21,4.99,4.99,0.0,True
539290,Brick Breaker,2017-02-20,True,False,False,Mixed,43,86,9.99,9.99,0.0,True
1494670,Space Dance Harmony,2021-02-18,True,False,False,Positive,89,19,12.99,12.99,0.0,True
1951840,Dungeoneer,2022-04-26,True,False,False,Mostly Positive,73,23,9.99,9.99,0.0,True
1798071,MONSTER HUNTER RISE - 'Floral Sleeves' Hunter layered armor piece,2022-01-12,True,False,False,Mixed,69,13,1.49,1.49,0.0,True
820860,Ash of Gods - Digital Art Collection,2018-03-23,True,True,True,Positive,80,10,1.59,7.99,80.0,True
649890,Caliban Below,2018-06-19,True,True,False,Very Positive,92,206,0.0,0.0,0.0,True
1284640,Oh My Girl / ÊàëÁöÑÂ•≥Â≠© Soundtrack,2020-04-28,False,False,False,Positive,91,12,0.0,0.0,0.0,True
283350,Eurofighter Typhoon,2014-05-02,True,False,False,Mostly Negative,29,58,0.74,2.99,75.0,True
1562940,THE LEGEND OF HEROES: HAJIMARI NO KISEKI,2021-08-25,True,False,False,Very Positive,82,619,59.99,59.99,0.0,True
2146960,VOID,2022-11-06,True,False,False,Mixed,65,23,1.99,1.99,0.0,True
464780,ChuSingura46+1 S,2016-06-21,True,True,False,Very Positive,86,978,0.0,0.0,0.0,True
1016150,SNK HEROINES Tag Team Frenzy UPGRADE PACK,2019-02-21,True,False,False,Mixed,55,18,19.99,19.99,0.0,True
1877360,Mars Rover Simulator,2022-02-22,True,False,False,Negative,9,11,9.99,9.99,0.0,True
739410,Zorbit's Orbits,2017-11-10,True,False,False,Mixed,47,17,1.99,1.99,0.0,True
2176760,Maid for Loving You,2022-11-25,True,False,False,Positive,100,20,19.99,19.99,0.0,True
801010,Unsolved Stories,2018-03-14,True,False,False,Mixed,50,22,15.99,15.99,0.0,True
1309090,Barold,2022-10-06,True,False,False,Positive,100,16,3.99,3.99,0.0,True
1089620,Oriental Empires: Three Kingdoms,2019-08-29,True,False,False,Mostly Positive,77,36,9.99,9.99,0.0,True
893070,The End: Inari's Quest,2018-07-24,True,False,False,Mixed,42,45,3.99,3.99,0.0,True
1945360,Destiny 2: Lightfall + Annual Pass,2023-02-28,True,False,False,Positive,95,46,99.99,99.99,0.0,True
731890,Horror Hunt,2019-12-27,True,False,False,Mixed,56,16,4.99,4.99,0.0,True
1888000,Bloody Rampage City,2022-02-24,True,False,False,Positive,90,10,2.49,24.99,90.0,True
1002510,The Spell - A Kinetic Novel,2019-01-15,True,True,True,Positive,100,17,4.99,4.99,0.0,True
2537200,Bomb Rush Cyberfunk Soundtrack,2023-08-18,False,False,False,Positive,100,47,15.0,0.0,0.0,True
1216350,Time Hacker,2020-10-16,True,False,False,Mostly Positive,77,22,14.99,14.99,0.0,True
711890,Dark Parables: Goldilocks and the Fallen Star Collector's Edition,2017-09-19,True,False,False,Positive,100,14,9.99,9.99,0.0,True
394510,HELLDIVERS‚Ñ¢ Dive Harder Edition,2015-12-07,True,False,False,Very Positive,92,18961,5.0,0.0,0.0,True
1182110,Weed Shop 3,2022-04-20,True,False,False,Very Positive,94,3034,19.99,19.99,0.0,True
365240,Galaxy Union,2015-06-01,True,False,False,Mixed,43,16,4.99,4.99,0.0,True
2026520,‰∏úÊñπÂºÇ‰π°ÂΩï ~the Apocryphal Gensoukyou,2022-09-29,True,False,False,Very Positive,96,110,2.99,2.99,0.0,True
1178490,Ê∏ØË©≠ÂØ¶ÈåÑParanormalHK,2020-01-06,True,False,False,Very Positive,90,12194,12.99,12.99,0.0,True
1183480,Bonsai Castles,2021-04-29,True,False,False,Positive,100,19,14.99,14.99,0.0,True
299160,Empress Of The Deep 2: Song Of The Blue Whale,2014-05-08,True,False,False,Very Positive,80,85,4.99,4.99,0.0,True
1226470,Shadow Arena,2020-05-21,True,False,False,Mixed,55,5545,0.0,0.0,0.0,True
289780,Requiem: Desiderium Mortis,2015-03-04,True,False,False,Mixed,67,793,0.0,0.0,0.0,True
2109301,Resident Evil 4 Treasure Map: Expansion,2023-03-23,True,False,False,Mixed,52,167,3.99,3.99,0.0,True
735550,Crazy Soccer: Football Stars,2018-06-28,True,False,False,Positive,90,11,9.99,9.99,0.0,True
909480,PUZZLE: LANDSCAPES,2018-08-08,True,False,False,Positive,83,30,0.99,0.99,0.0,True
420828,FaceRig Political Avatars,2016-10-06,True,False,False,Positive,89,39,0.0,0.0,0.0,True
668560,Thomaz,2017-07-10,True,False,False,Mixed,60,10,0.99,0.99,0.0,True
239550,Age of Empires II (2013): The Forgotten,2013-11-07,True,False,False,Mostly Positive,79,1032,9.99,9.99,0.0,True
373990,Metrico+,2016-08-23,True,True,True,Positive,88,26,13.99,13.99,0.0,True
2071770,Sokorun: One Box,2022-08-05,True,False,False,Positive,100,15,0.99,0.99,0.0,True
677960,Train Simulator: Chatham Main & Medway Valley Lines Route Add-On,2018-02-01,True,False,False,Positive,90,21,24.99,24.99,0.0,True
1334070,Sleep,2020-09-01,True,False,False,Mixed,42,26,3.99,3.99,0.0,True
678820,Gun-Running War Dogs,2017-08-21,True,False,False,Mixed,66,45,1.99,1.99,0.0,True
602300,Alter Army,2018-08-06,True,False,False,Positive,90,11,4.99,4.99,0.0,True
517170,Tvori,2016-08-25,True,False,False,Mostly Positive,72,59,0.0,0.0,0.0,True
1587622,Sniper Ghost Warrior Contracts 2 - shroud DLC,2021-06-04,True,False,False,Mixed,46,15,9.99,9.99,0.0,True
888130,Starport Delta,2020-03-27,True,False,False,Mixed,67,61,24.99,24.99,0.0,True
340610,Battle of Empires : 1914-1918 - Russian Empire,2015-02-19,True,True,True,Mixed,66,39,4.99,4.99,0.0,True
1648531,Icarus: Supporters Edition,2021-12-04,True,False,False,Mixed,58,118,0.0,0.0,0.0,True
1577250,The Chant,2022-11-03,True,False,False,Mostly Positive,78,161,39.99,39.99,0.0,True
583890,Balthazar's Dream,2017-05-30,True,True,True,Mostly Positive,77,22,4.99,4.99,0.0,True
1239450,Warhammer 40000: Gladius - T'au,2020-02-25,True,False,True,Very Positive,96,100,14.99,14.99,0.0,True
427770,Pills4Skills,2016-01-25,True,True,True,Positive,90,10,2.99,2.99,0.0,True
1197570,Until We Die,2021-06-03,True,False,False,Mixed,69,3526,16.99,16.99,0.0,True
688700,EVERSPACE‚Ñ¢ - Upgrade to Deluxe Edition,2017-08-17,True,True,True,Positive,88,36,9.99,9.99,0.0,True
1365900,Mystika 4 : Dark Omens,2020-08-08,True,False,False,Positive,91,12,6.99,6.99,0.0,True
345800,Darkest Dungeon Soundtrack,2015-02-03,False,False,False,Very Positive,88,190,9.99,9.99,0.0,True
1345220,LiveOnIdol,2020-07-21,True,False,False,Mixed,54,11,9.99,9.99,0.0,True
342550,Phantasmal: Survival Horror Roguelike,2016-04-14,True,False,False,Mixed,44,317,0.0,0.0,0.0,True
283000,Strategic War in Europe,2014-03-21,True,False,False,Mixed,45,74,1.49,14.99,90.0,True
1323410,Quest 4 Papa: Reloaded,2020-06-03,True,False,False,Very Positive,90,88,0.0,0.0,0.0,True
607680,Popap,2017-03-18,True,False,False,Mixed,53,13,0.99,0.99,0.0,True
102850,Warp,2012-03-21,True,False,False,Mixed,69,306,9.99,9.99,0.0,True
439700,Z1 Battle Royale: Test Server,2016-02-24,True,False,False,Mixed,52,2521,0.0,0.0,0.0,True
394770,Owys,2015-08-25,True,True,True,Mostly Negative,27,11,0.99,0.99,0.0,True
1254130,Phobies,2022-03-07,True,False,False,Very Positive,85,588,0.0,0.0,0.0,True
1643660,Silent dream,2021-06-14,True,False,False,Mostly Positive,76,164,0.0,0.0,0.0,True
992070,Idle Wizard,2019-01-24,True,True,True,Very Positive,86,1159,0.0,0.0,0.0,True
1365360,RIDE 4 - Bonus Pack 14,2021-08-31,True,False,False,Positive,80,20,0.0,0.0,0.0,True
549740,Indie Game Sim,2016-12-08,True,True,False,Positive,90,42,7.99,7.99,0.0,True
1223350,War of the Barrenlands,2020-09-01,True,False,False,Mixed,40,15,4.99,4.99,0.0,True
2402100,Cube Airport - Puzzle,2023-06-14,True,False,False,Positive,100,11,2.99,2.99,0.0,True
445000,Nova Nukers!,2018-03-15,True,False,False,Positive,84,13,1.19,11.99,90.0,True
258658,Train Simulator: NJ TRANSIT¬Æ ALP-46 Loco Add-On,2015-10-15,True,False,False,Positive,82,23,19.99,19.99,0.0,True
754830,Travel Mosaics 6: Christmas Around the World,2018-12-03,True,True,False,Positive,100,12,0.99,0.99,0.0,True
744590,Starship Clicker,2017-11-30,True,False,False,Mixed,40,15,2.99,2.99,0.0,True
2058190,Lost Judgment,2022-09-14,True,False,False,Overwhelmingly Positive,95,2028,59.99,59.99,0.0,True
281200,A Boy and His Blob,2016-01-19,True,True,True,Very Positive,82,179,9.99,9.99,0.0,True
1252830,A Juggler's Tale,2021-09-29,True,False,False,Very Positive,95,329,17.99,17.99,0.0,True
1778780,PhyTetris-Physics Tetris,2021-10-25,True,False,False,Positive,90,10,0.99,0.99,0.0,True
1554400,Paint Chips,2021-05-04,True,True,True,Very Positive,91,134,0.0,0.0,0.0,True
1786230,Breakers Collection,2023-01-11,True,False,False,Positive,90,33,19.99,19.99,0.0,True
1566880,SWORD ART ONLINE Last Recollection,2023-10-05,True,False,False,Mixed,64,191,60.0,0.0,0.0,True
1013650,Tiny Dangerous Dungeons,2019-03-01,True,True,False,Very Positive,96,62,4.99,4.99,0.0,True
1351290,AccidentHouse,2020-12-21,True,False,False,Mostly Positive,75,62,0.99,0.99,0.0,True
456440,The Orphan Dreams,2016-04-27,True,False,False,Mostly Positive,77,18,4.99,4.99,0.0,True
594360,Sort 'Em,2017-03-01,True,False,False,Mostly Positive,75,12,2.99,2.99,0.0,True
2321094,NTBSS: Master Character Training Pack - Obito Uchiha (Ten Tails),2023-06-29,True,False,False,Positive,90,10,3.99,3.99,0.0,True
1068520,Muppy The Bunny : The Danger of Wishes,2019-04-30,True,False,False,Mostly Positive,73,30,0.0,0.0,0.0,True
331390,Winged Sakura: Mindy's Arc,2014-11-07,True,True,True,Very Positive,81,141,9.99,9.99,0.0,True
208600,Lunar Flight,2012-04-10,True,True,False,Very Positive,84,490,14.99,14.99,0.0,True
1992260,Space Turbo,2022-05-24,True,False,False,Positive,90,11,3.29,10.99,70.0,True
545410,A Trip to Yugoslavia: Director's Cut,2017-02-22,True,True,True,Very Positive,82,181,0.51,0.99,48.0,True
960990,Beyond: Two Souls,2020-06-18,True,False,False,Very Positive,88,14618,9.99,19.99,50.0,True
536950,Legend of Ares,2017-05-31,True,False,False,Mixed,56,55,0.0,0.0,0.0,True
1356810,Hexarchy,2023-10-19,True,True,False,Very Positive,89,151,16.0,0.0,0.0,True
1390680,Music Maker Free Steam Edition,2020-10-09,True,False,False,Mixed,43,195,0.0,0.0,0.0,True
2118110,Catlike Magic,2022-09-02,True,False,False,Positive,94,19,2.99,4.99,40.0,True
588340,Stolen Steel VR,2017-02-22,True,False,False,Mixed,54,35,0.99,0.99,0.0,True
1495460,Orange Santa,2021-01-08,True,False,True,Positive,100,12,0.54,0.99,45.0,True
957720,Strategic Command WWII: World at War,2018-12-06,True,False,False,Very Positive,85,370,39.99,39.99,0.0,True
439800,Clouds & Sheep 2,2016-10-24,True,True,True,Very Positive,86,108,11.99,11.99,0.0,True
338590,The Race for the White House,2015-01-02,True,False,False,Mixed,58,31,14.99,14.99,0.0,True
1732340,DEMON GAZE EXTRA,2022-04-25,True,False,False,Mixed,67,43,49.99,49.99,0.0,True
503010,Azulgar: Star Commanders,2017-08-31,True,False,False,Mixed,56,39,19.99,19.99,0.0,True
371850,Football Mogul 2014,2015-05-28,True,False,False,Mostly Positive,71,32,0.99,0.99,0.0,True
2158860,JBMod,2022-10-22,True,False,True,Mostly Positive,70,2219,0.0,0.0,0.0,True
1067750,Battle Brothers - Support the Developers & Nordic Banner,2019-05-09,True,False,False,Positive,100,27,9.99,9.99,0.0,True
822830,Ouroboros,2018-05-25,True,False,False,Very Positive,95,112,4.99,4.99,0.0,True
2138280,ÁªØËâ≤Áâ©ËØ≠,2022-10-27,True,False,False,Positive,80,35,0.0,0.0,0.0,True
553690,Dustoff Heli Rescue 2,2017-05-29,True,False,False,Mixed,66,21,7.99,7.99,0.0,True
1785110,Guilty Parade: Episode 3,2021-11-18,True,True,True,Positive,94,19,6.99,6.99,0.0,True
1585810,SnowRunner - Anniversary DLC,2022-12-08,True,False,False,Very Positive,95,137,24.99,0.0,0.0,True
24480,King Arthur II: The Role-Playing Wargame,2012-01-27,True,False,False,Mixed,55,288,9.99,9.99,0.0,True
839240,Penny Black,2018-05-17,True,False,False,Very Positive,94,86,0.0,0.0,0.0,True
1019020,The Abbey - Director's cut,2019-03-06,True,False,False,Positive,81,11,11.99,11.99,0.0,True
1333530,Acolyte: Prologue,2021-01-10,True,False,False,Mostly Positive,77,76,0.0,0.0,0.0,True
1838820,Life of a Space Force Captain,2022-05-05,True,True,True,Positive,87,41,4.19,5.99,30.0,True
502891,IL-2 Sturmovik: MC.202 Series VIII Collector Plane,2016-08-09,True,False,False,Positive,96,26,19.99,19.99,0.0,True
321710,Battle Of Europe,2014-09-18,True,False,False,Mostly Positive,78,19,9.99,9.99,0.0,True
2186980,Deluge: Sermon for the Dead,2023-02-14,True,True,True,Positive,92,14,0.0,0.0,0.0,True
1403190,Throne of Fate,2020-10-21,True,False,False,Positive,88,17,2.19,10.99,80.0,True
230290,Universe Sandbox,2015-08-24,True,True,False,Overwhelmingly Positive,96,18391,30.0,0.0,0.0,True
2408730,Tale of Immortal - Ground of No Return,2023-05-26,True,False,False,Mixed,60,15,2.24,2.99,25.0,True
34420,XIII Century ‚Äì Gold Edition,2009-08-28,True,False,False,Mixed,53,100,4.99,4.99,0.0,True
436550,Homeworld: Deserts of Kharak - Soundtrack,2016-01-20,True,True,False,Positive,86,23,7.99,7.99,0.0,True
1281360,New Yankee 8: Journey of Odysseus,2020-05-06,True,False,False,Positive,80,10,6.99,6.99,0.0,True
868150,Takelings House Party,2019-07-25,True,False,False,Mostly Positive,77,254,19.99,19.99,0.0,True
1601040,Leaf on Wind,2021-05-07,True,False,True,Mostly Positive,78,14,1.99,1.99,0.0,True
1240910,Â∑≤‰∏ãÊû∂,2020-02-18,True,False,False,Mixed,54,11,0.0,0.0,0.0,True
1840920,SEARCH ALL - FOXES,2021-12-20,True,False,False,Very Positive,98,60,2.99,2.99,0.0,True
316448,DW8XLCE - BASE THEME PACK,2014-08-06,True,False,False,Positive,90,10,9.99,9.99,0.0,True
1050360,Trap Shrine Original Soundtrack,2019-03-29,False,False,False,Positive,100,11,4.99,4.99,0.0,True
1552130,Forgotten Hope,2021-05-12,True,False,False,Very Positive,93,75,3.99,3.99,0.0,True
556520,Housekeeping VR,2017-02-21,True,False,False,Mixed,60,15,4.99,4.99,0.0,True
1341701,Iron Harvest: Rusviet Revolution,2020-12-17,True,False,False,Mixed,57,96,3.99,3.99,0.0,True
744050,Space Invaders Extreme,2018-02-12,True,False,False,Very Positive,91,172,19.99,19.99,0.0,True
1519340,LASHEK,2021-03-29,True,False,False,Mixed,61,13,0.99,0.99,0.0,True
351100,Niffelheim,2018-09-26,True,True,True,Mostly Positive,74,1686,3.99,19.99,80.0,True
46850,Zombie Pirates,2011-04-20,True,False,False,Mixed,69,36,14.99,14.99,0.0,True
518790,theHunter: Call of the Wild‚Ñ¢,2017-02-16,True,False,False,Very Positive,88,116038,20.0,0.0,0.0,True
1304467,Train Sim World¬Æ 2: Isle Of Wight: Ryde - Shanklin Route Add-On,2020-10-15,True,False,False,Mixed,47,124,24.99,24.99,0.0,True
683690,Supermarket Tycoon,2017-08-29,True,False,False,Mixed,51,35,4.99,4.99,0.0,True
223490,Blockscape,2014-07-03,True,False,False,Mixed,42,719,9.99,9.99,0.0,True
9480,Saints Row 2,2009-01-07,True,False,True,Mostly Positive,76,10318,9.99,9.99,0.0,True
1837130,ÊòüÂ°îÊòüÂ§úMONOBEHEVO,2022-05-31,True,False,False,Mostly Positive,70,30,6.99,6.99,0.0,True
834380,Cube Zone,2018-05-15,True,True,True,Positive,93,16,4.99,4.99,0.0,True
1439180,Elite Commander,2020-12-01,True,False,False,Mixed,51,31,0.99,0.99,0.0,True
736250,Amberskull,2018-04-13,True,False,False,Very Positive,90,62,4.99,4.99,0.0,True
893050,Hasbro's BATTLESHIP,2018-08-14,True,False,False,Mostly Positive,78,390,4.99,12.49,60.0,True
1811040,South of the Circle,2022-08-03,True,False,False,Very Positive,84,465,12.99,12.99,0.0,True
885590,Time,2018-09-13,True,False,False,Mixed,61,18,0.0,0.0,0.0,True
2167580,Summoners War: Chronicles,2022-11-09,True,True,False,Mostly Positive,79,10332,0.0,0.0,0.0,True
628140,NOBUNAGA'S AMBITION: Tenkasousei with Power Up Kit,2018-01-16,True,False,False,Mixed,68,103,29.99,29.99,0.0,True
1042020,Trapped on Monster Island,2019-10-03,True,False,False,Mixed,56,107,6.99,9.99,30.0,True
1525660,Sunblaze,2021-06-03,True,True,True,Very Positive,91,177,14.99,14.99,0.0,True
1557960,Master of Magic: Caster of Magic for Windows,2021-04-22,True,False,False,Mostly Positive,76,30,6.99,6.99,0.0,True
843890,WIN THE GAME: DO IT!,2018-05-02,True,False,False,Mostly Positive,75,113,0.99,0.99,0.0,True
1711772,Kingdom Heroes 8 God Zhao Yun,2021-09-14,True,False,False,Mostly Negative,25,81,0.99,0.99,0.0,True
764690,Caveblazers Together,2019-03-07,True,False,False,Very Positive,87,171,0.0,0.0,0.0,True
372390,D3DGear - Game Recording and Streaming Software,2015-05-21,True,False,False,Mostly Positive,76,383,34.99,34.99,0.0,True
1879380,Paper Bride 2 Zangling Village,2022-05-05,True,False,False,Very Positive,91,684,9.99,9.99,0.0,True
1062570,‰∏≠Âçé‰∏âÂõΩÂøó-‰∏ùË∑ØÂ±±Ê∞¥Áâà,2019-04-15,True,False,False,Positive,95,40,0.0,0.0,0.0,True
259450,Drifter,2014-03-04,True,True,True,Mixed,60,177,11.99,11.99,0.0,True
648390,Marie's Room,2018-04-13,True,False,False,Very Positive,94,5937,0.0,0.0,0.0,True
393750,P¬∑O¬∑L¬∑L¬∑E¬∑N,2016-04-19,True,False,False,Mixed,62,172,9.99,9.99,0.0,True
1817940,Love Delivery,2022-05-30,True,False,False,Overwhelmingly Positive,96,1882,14.99,14.99,0.0,True
471650,AdVenture Capitalist - Savvy Investor Bundle,2016-05-17,True,True,True,Mixed,43,41,9.99,9.99,0.0,True
1327430,Pinku Kult Hex Mortis,2022-05-31,True,False,False,Positive,95,24,9.99,9.99,0.0,True
1217330,Terminal squad: Swarmites,2020-01-30,True,False,False,Mixed,63,19,6.99,6.99,0.0,True
834140,Blacksmith: Dark Times,2018-07-19,True,False,False,Mixed,54,24,5.99,5.99,0.0,True
1253990,Sid Meier's Civilization¬Æ VI: Maya & Gran Colombia Pack,2020-05-20,True,True,True,Mixed,40,254,9.0,0.0,0.0,True
400200,The Mystery of a Lost Planet,2015-12-17,True,False,False,Mixed,46,67,4.99,4.99,0.0,True
559310,Illyriad - Grand Strategy MMO,2017-01-11,True,False,False,Mixed,65,147,0.0,0.0,0.0,True
960781,Monster Hunter: World - High Resolution Texture Pack,2019-04-03,True,False,False,Mostly Positive,79,888,0.0,0.0,0.0,True
365560,Battle of the Bulge,2015-09-17,True,True,False,Mostly Positive,73,104,9.99,9.99,0.0,True
761700,Your Diary +,2018-08-10,True,False,False,Very Positive,86,123,24.99,24.99,0.0,True
480630,Fallout 4 - Contraptions Workshop,2015-11-10,True,False,False,Mostly Negative,38,1297,4.99,4.99,0.0,True
626561,Fate/EXTELLA - Stay night Model (Artoria),2017-07-25,True,False,False,Positive,94,18,0.99,0.99,0.0,True
1947070,Broken Edge,2022-11-17,True,False,False,Very Positive,83,130,9.99,9.99,0.0,True
549071,Pinball FX2 VR - The Walking Dead,2016-11-29,True,False,False,Positive,92,13,5.99,5.99,0.0,True
528057,Tales of Berseria‚Ñ¢ - Japanese Fairy and Menagerie Costumes Set,2017-01-26,True,False,False,Very Positive,89,57,9.99,9.99,0.0,True
2222670,Mystery Case Files: The Last Resort Collector's Edition,2022-12-08,True,False,False,Mostly Negative,38,13,13.99,13.99,0.0,True
376970,Train Simulator: Wherry Lines: Norwich ‚Äì Great Yarmouth & Lowestoft Route Add-On,2016-10-27,True,False,False,Positive,91,46,39.99,39.99,0.0,True
1939270,Past Synergy,2022-04-04,True,False,False,Positive,86,43,0.0,0.0,0.0,True
1734400,Mental Hospital - Child of Evil,2022-01-14,True,False,False,Mostly Positive,71,35,3.99,3.99,0.0,True
937780,‚ôû The Tactics of War ‚ôû,2018-09-24,True,True,True,Mostly Negative,20,10,99.99,99.99,0.0,True
1554220,Paleon,2021-04-22,True,False,False,Very Positive,87,156,9.99,9.99,0.0,True
1855610,Happy Island Life,2022-03-28,True,False,False,Positive,81,16,2.99,2.99,0.0,True
400180,Okhlos: Omega,2016-08-18,True,True,True,Very Positive,80,600,12.99,12.99,0.0,True
1286730,Epicinium,2020-10-12,True,True,True,Very Positive,88,286,0.0,0.0,0.0,True
1923170,Pizza Synthwave,2022-05-03,True,False,False,Positive,90,10,3.99,3.99,0.0,True
946720,To The Rescue!,2021-11-02,True,True,False,Mixed,68,1231,19.99,19.99,0.0,True
1057500,Sim 4K VR MediaPlayer,2019-04-18,True,False,False,Mixed,60,15,4.99,4.99,0.0,True
1899060,Pocket Mirror ~ GoldenerTraum,2023-05-18,True,False,False,Very Positive,97,173,0.0,0.0,0.0,True
428900,Linea the Game,2016-01-04,True,True,True,Very Positive,86,868,1.99,1.99,0.0,True
340210,Predestination,2019-02-26,True,False,False,Mixed,46,65,29.99,29.99,0.0,True
1620860,Chicken Holmes - Chanislavski Whispers,2021-06-17,True,False,False,Mostly Positive,76,21,1.99,1.99,0.0,True
872990,Stream Games,2018-07-06,True,False,False,Positive,94,36,4.99,4.99,0.0,True
329320,QbQbQb,2014-10-29,True,True,True,Positive,90,30,4.99,4.99,0.0,True
1719460,My Furry Dictator üêæ,2021-10-08,True,False,False,Very Positive,82,79,3.99,3.99,0.0,True
1728830,Space Docker VR,2021-12-15,True,False,False,Very Positive,97,67,14.99,14.99,0.0,True
618760,IronBorn,2018-09-12,True,False,False,Mixed,64,31,0.49,4.99,90.0,True
1793050,Warhammer 40000: Battlesector - Tyranid Elites,2021-12-02,True,False,False,Positive,94,17,1.99,1.99,0.0,True
629520,Soundpad,2017-09-30,True,False,False,Overwhelmingly Positive,96,51809,4.99,4.99,0.0,True
1989090,Summer Photo Album,2022-06-10,True,False,False,Positive,100,11,0.99,0.99,0.0,True
2093220,ForbiddenWord,2023-04-01,True,False,False,Mostly Positive,75,16,4.49,4.99,10.0,True
405580,RollerCoaster Tycoon World‚Ñ¢: Deluxe Edition,2016-03-30,True,False,False,Mostly Negative,32,68,4.99,4.99,0.0,True
359900,The Incredible Adventures of Van Helsing III,2015-05-22,True,False,False,Mixed,63,996,14.99,14.99,0.0,True
556890,Dreamcage Escape,2016-11-16,True,False,False,Mostly Positive,79,63,1.99,1.99,0.0,True
318950,Disney Tangled,2014-10-06,True,False,False,Mostly Positive,70,60,5.99,19.99,70.0,True
686030,Digital Domain‚Äôs Monkey King‚Ñ¢,2018-02-06,True,False,False,Positive,81,16,4.99,4.99,0.0,True
1191620,Spidersaurs,2022-07-14,True,False,False,Positive,80,20,13.99,19.99,30.0,True
2207520,MIND CORRIDORS: Paroniria,2022-11-28,True,False,False,Positive,100,26,5.99,5.99,0.0,True
329040,Dungeon Kingdom: Sign of the Moon,2015-11-19,True,True,True,Mixed,68,124,18.99,18.99,0.0,True
809230,Unity of Command II,2019-11-12,True,True,False,Very Positive,81,1388,29.99,29.99,0.0,True
888857,NTBSS: Master Character Training Pack - Hashirama Senju,2018-11-15,True,False,False,Positive,83,31,1.99,3.99,50.0,True
371220,VERLIES II,2015-09-25,True,False,False,Mixed,57,88,2.99,2.99,0.0,True
780080,Bikour!,2018-01-22,True,False,False,Mostly Positive,70,10,0.99,0.99,0.0,True
637120,Space God,2018-04-18,True,True,True,Positive,81,11,4.99,4.99,0.0,True
629730,Blade and Sorcery,2018-12-11,True,False,False,Overwhelmingly Positive,96,41477,20.0,0.0,0.0,True
1385730,Mosaique Neko Waifus 3,2020-08-27,True,False,True,Very Positive,94,1528,1.99,1.99,0.0,True
1882470,Jurassic World Evolution 2: Camp Cretaceous Dinosaur Pack,2022-03-08,True,False,False,Very Positive,86,137,9.99,9.99,0.0,True
463810,Bridge Constructor Trains - Expansion Pack,2016-05-24,True,True,True,Positive,80,10,2.99,2.99,0.0,True
849308,Shadow of the Tomb Raider - The Nightmare,2019-01-22,True,False,False,Mostly Positive,72,73,0.0,0.0,0.0,True
664450,Manifest 99,2017-09-12,True,False,False,Very Positive,87,63,5.99,5.99,0.0,True
778400,Corpse Party: Sweet Sachiko's Hysteric Birthday Bash,2019-04-10,True,False,False,Very Positive,90,130,19.99,19.99,0.0,True
1078320,Public Defense Corp,2020-12-04,True,False,False,Very Positive,86,245,10.49,14.99,30.0,True
1394320,Magic Trick,2021-05-14,True,True,True,Positive,92,14,3.99,3.99,0.0,True
1311660,Friendly Fire,2020-07-05,True,True,True,Very Positive,94,960,0.0,0.0,0.0,True
447120,Where the Water Tastes Like Wine,2018-02-28,True,True,True,Mostly Positive,79,1063,19.99,19.99,0.0,True
1174030,Hero Lodge,2022-01-12,True,False,False,Positive,100,13,9.99,9.99,0.0,True
494430,Praey for the Gods,2021-12-14,True,False,False,Very Positive,85,2034,29.99,29.99,0.0,True
457842,Enter the Gungeon - Microtransaction Gun,2016-04-05,True,True,True,Very Positive,88,71,0.0,0.0,0.0,True
1889540,OMSI 2 Add-on Hamburg Linie 20,2022-03-24,True,False,False,Mostly Positive,72,76,14.99,14.99,0.0,True
2313550,Vampire Survivors: Tides of the Foscari,2023-04-13,True,True,True,Very Positive,94,871,2.0,0.0,0.0,True
1104050,Deep Diving VR,2019-09-12,True,False,False,Mostly Negative,33,15,3.99,19.99,80.0,True
2132480,Touhou: Fading Illusion,2022-12-05,True,True,True,Very Positive,94,72,0.0,0.0,0.0,True
754040,Piggy Poggy Pog,2017-11-28,True,False,False,Mostly Positive,79,279,1.99,1.99,0.0,True
823230,Demolition Pro Online,2022-11-17,True,False,False,Mixed,64,37,34.99,34.99,0.0,True
764030,Realm Revolutions,2018-01-05,True,False,False,Mostly Positive,75,329,0.0,0.0,0.0,True
300610,Pure Pool,2014-07-31,True,False,False,Mixed,58,471,9.99,9.99,0.0,True
1253580,My Dangerous Life,2020-07-23,True,False,False,Positive,81,48,12.99,12.99,0.0,True
1242778,Monster Hunter World: Iceborne - Hairstyle: Fluffy Mop,2020-04-22,True,False,False,Positive,83,24,1.49,1.49,0.0,True
1097580,CUSTOM ORDER MAID 3D2 It's a Night Magic,2019-07-30,True,False,False,Very Positive,83,1256,40.0,40.0,0.0,True
837330,Crimson Shift,2018-04-29,True,False,False,Positive,85,20,0.0,0.0,0.0,True
1686880,Queen of Honor,2021-09-10,True,False,False,Positive,91,12,0.99,0.99,0.0,True
1081810,Êó∂‰πãÊââ,2019-06-11,True,False,False,Mixed,44,38,0.0,0.0,0.0,True
307050,Shan Gui (Â±±Ê°Ç),2014-08-19,True,True,True,Mostly Positive,77,1410,0.99,0.99,0.0,True
2316590,Words of Wisdom,2023-03-20,True,False,False,Positive,100,11,2.99,2.99,0.0,True
836812,SWORD ART ONLINE: FATAL BULLET - Collapse of Balance,2018-08-29,True,False,False,Mostly Positive,77,61,9.99,9.99,0.0,True
448230,AsteroidsHD,2016-03-04,True,False,False,Mixed,45,11,0.99,0.99,0.0,True
494392,DC Universe Online‚Ñ¢ - Power Bundle (2016),2016-06-23,True,False,False,Mixed,64,51,34.99,34.99,0.0,True
2390860,Mine,2023-04-28,True,False,False,Mostly Positive,76,21,0.49,0.99,50.0,True
826480,VR Benchmark Kanojo,2018-04-18,True,False,False,Mostly Positive,76,251,0.0,0.0,0.0,True
1005550,World of Warships ‚Äî Huanghe Pack,2019-02-04,True,False,False,Mostly Positive,74,58,19.99,19.99,0.0,True
1094030,Lurk in the Dark : Prologue,2019-11-08,True,False,False,Very Positive,89,1760,0.0,0.0,0.0,True
1203040,ONE PIECE: PIRATE WARRIORS 4 The Worst Generation Pack,2020-09-23,True,False,False,Positive,92,27,11.99,11.99,0.0,True
732050,Voxel Tycoon,2021-04-15,True,True,True,Very Positive,84,1174,24.99,24.99,0.0,True
1295260,Clockwork Calamity in Mushroom World: What would you do if the time stopped ticking?,2021-05-31,True,True,True,Positive,100,43,0.0,0.0,0.0,True
933140,Drunkn Bar Fight on Halloween,2018-10-01,True,False,False,Positive,85,48,2.99,2.99,0.0,True
1707430,Farm Manager 2021 - Brewing & Winemaking DLC,2021-09-03,True,False,False,Positive,100,16,0.0,0.0,0.0,True
1046790,Eternal Threads,2022-05-19,True,False,False,Very Positive,92,243,19.99,19.99,0.0,True
762680,Double Turn,2020-11-06,True,True,True,Mixed,52,17,4.99,4.99,0.0,True
444000,Super Night Riders,2016-02-22,True,True,True,Very Positive,87,185,4.99,4.99,0.0,True
1887250,Sand Castle,2022-03-14,True,True,True,Very Positive,95,87,1.99,1.99,0.0,True
652600,Descent - Silence of Mind,2017-08-01,True,False,False,Mixed,63,71,0.99,9.99,90.0,True
1507530,Stellar Mess: The Princess Conundrum (Chapter 1),2023-02-26,True,False,False,Positive,100,13,1.79,8.99,80.0,True
476868,Megadimension Neptunia VII Party Character [Nepgya],2016-07-05,True,False,False,Positive,100,28,0.99,0.99,0.0,True
1282650,180 Files: The Aegis Project,2020-07-09,True,True,True,Positive,96,32,5.99,5.99,0.0,True
594810,Color Jumper,2017-11-01,True,True,True,Positive,80,10,0.99,0.99,0.0,True
485270,Arachnophobia,2016-06-01,True,False,False,Mostly Negative,30,10,2.99,2.99,0.0,True
422760,Ocean Rift,2017-09-13,True,False,False,Mostly Positive,78,111,9.99,9.99,0.0,True
568800,Summer times Afternoon,2016-12-23,True,False,False,Mostly Positive,73,19,7.99,7.99,0.0,True
755550,True Mining Simulator,2021-01-07,True,False,False,Mostly Positive,70,64,4.99,4.99,0.0,True
1137940,Horizon Chase Turbo - Summer Vibes,2019-09-17,True,True,True,Very Positive,81,75,1.99,1.99,0.0,True
420822,FaceRig Trials Fusion DLC,2016-03-10,True,False,False,Positive,84,13,0.0,0.0,0.0,True
1779650,Us Against Aliens,2021-11-04,True,False,False,Positive,90,11,9.99,9.99,0.0,True
650730,Weeping Skies,2017-06-19,True,False,False,Mixed,52,21,6.99,6.99,0.0,True
1283580,Minimalist Space War,2020-04-21,True,False,False,Positive,100,21,0.99,0.99,0.0,True
1232010,Radical Rabbit Stew,2020-07-16,True,False,False,Very Positive,100,68,3.99,15.99,75.0,True
318420,Middle-earth: Shadow of Mordor - The Bright Lord,2015-02-24,True,False,False,Mixed,52,334,9.99,9.99,0.0,True
705550,Burgle Bros.,2017-11-29,True,False,False,Positive,85,34,3.99,3.99,0.0,True
364710,Wonky Pigeon!,2015-11-26,True,True,True,Negative,12,47,0.0,0.0,0.0,True
820030,Picross Fairytale - nonogram: Red Riding Hood secret,2018-06-19,True,False,False,Mostly Positive,71,178,4.99,4.99,0.0,True
855550,Coffee Noir - Business Detective Game,2021-09-30,True,True,True,Mostly Positive,72,43,24.99,24.99,0.0,True
2086220,Skullgirls: Black Dahlia,2023-03-29,True,True,True,Positive,100,14,9.99,9.99,0.0,True
1316230,Force of Nature 2: Ghost Keeper,2021-05-27,True,False,False,Very Positive,82,1445,15.99,15.99,0.0,True
1785200,–°hick Boy Adventures,2021-11-12,True,False,False,Positive,81,11,0.39,3.99,90.0,True
1470820,Mad Bus,2020-12-09,True,False,False,Positive,92,13,0.99,0.99,0.0,True
2288620,Train Simulator: Rio Grande Southern: Placerville - Rico & Telluride Route Add-On,2023-03-24,True,False,False,Mostly Positive,75,12,39.99,39.99,0.0,True
583950,Artifact,2018-11-28,True,True,True,Mixed,46,24797,0.0,0.0,0.0,True
1847170,Walkabout Mini Golf: Shangri-La,2021-12-16,True,False,False,Positive,100,29,2.99,2.99,0.0,True
318794,Call of Duty¬Æ: Advanced Warfare - Reckoning,2015-09-03,True,False,False,Mostly Negative,35,42,14.99,14.99,0.0,True
1063490,Still There,2019-11-20,True,True,False,Very Positive,89,594,14.99,14.99,0.0,True
1714890,HUMANKIND‚Ñ¢ - Original Soundtrack,2021-08-17,False,False,False,Positive,80,10,9.0,9.0,0.0,True
800280,FLYVALNY 20!8,2018-03-12,True,False,False,Positive,94,18,0.99,0.99,0.0,True
98500,Naval Warfare,2011-05-25,True,False,False,Mixed,55,175,2.99,2.99,0.0,True
376946,Train Simulator: Chatham Main Line - London-Gillingham Route Add-On,2016-05-19,True,False,False,Very Positive,83,55,19.99,19.99,0.0,True
895140,JJBoom,2018-09-12,True,True,False,Very Positive,89,138,4.99,4.99,0.0,True
1365190,RIDE 4 - 600cc Passion,2021-03-11,True,False,False,Positive,100,10,4.99,4.99,0.0,True
1171120,Nira,2021-10-14,True,False,False,Mixed,58,72,9.99,9.99,0.0,True
257690,J.U.L.I.A.: Among the Stars,2014-09-12,True,True,True,Very Positive,85,778,19.99,19.99,0.0,True
248310,Freedom Planet,2014-07-21,True,True,True,Overwhelmingly Positive,96,2910,14.99,14.99,0.0,True
295510,Narcissu 1st & 2nd Original Sound Track,2014-04-25,False,False,False,Very Positive,98,53,7.99,7.99,0.0,True
1679200,BridgeFix 2=3-1,2021-07-15,True,False,True,Positive,100,16,2.99,2.99,0.0,True
1255950,Crisis in the Kremlin: Homeland of the Revolution,2020-03-24,True,True,True,Positive,100,29,1.99,1.99,0.0,True
586310,Gunman Taco Truck,2017-01-28,True,True,False,Very Positive,81,175,2.99,2.99,0.0,True
551730,Toukiden 2,2017-03-21,True,False,False,Mostly Positive,79,1054,59.99,59.99,0.0,True
2249670,Kao the Kangaroo - Bend the Rooles,2023-05-04,True,False,False,Mixed,57,14,5.99,7.99,25.0,True
266330,Ethan: Meteor Hunter,2014-02-07,True,False,False,Mixed,58,55,9.99,9.99,0.0,True
717110,Claire de Lune,2021-07-12,True,False,False,Mixed,54,35,39.99,39.99,0.0,True
1334800,Everything Explosive,2020-08-19,True,False,False,Mostly Positive,70,10,0.0,0.0,0.0,True
1061270,Blacklist Brigade,2019-05-28,True,False,False,Positive,87,32,3.29,10.99,70.0,True
1970980,Warlord: Britannia,2022-05-24,True,False,False,Very Positive,91,1172,19.99,19.99,0.0,True
584096,Little Nightmares The Hideaway DLC,2017-11-09,True,False,False,Mostly Positive,76,309,3.99,3.99,0.0,True
890280,Myha: Return to the Lost Island,2019-04-14,True,False,False,Mostly Positive,79,39,17.99,17.99,0.0,True
1324340,Made in Abyss: Binary Star Falling into Darkness,2022-09-02,True,False,False,Mostly Positive,77,1232,24.0,0.0,0.0,True
1174630,Sniper Ghost Warrior Contracts - STURM BODYGUARD 9 - gun,2019-11-22,True,False,False,Positive,85,14,1.99,1.99,0.0,True
611370,Tyranny - Portrait Pack,2017-04-04,True,True,True,Positive,82,28,3.99,3.99,0.0,True
1511450,Two Brain Sides,2021-06-18,True,False,False,Positive,92,14,0.99,0.99,0.0,True
657990,Crafting Dead,2017-08-18,True,False,False,Mixed,52,122,4.99,4.99,0.0,True
237310,Elsword,2014-07-02,True,False,False,Mostly Positive,74,9266,0.0,0.0,0.0,True
223850,3DMark,2010-12-07,True,False,False,Very Positive,93,11573,34.99,34.99,0.0,False
896580,Monster Hunter: World - Additional Gesture Bundle 1,2020-11-11,True,False,False,Very Positive,94,135,0.0,0.0,0.0,True
1419740,The Witch in the Forest,2020-10-01,True,False,False,Very Positive,85,75,0.0,0.0,0.0,True
352220,King of Dragon Pass,2015-07-28,True,True,False,Very Positive,80,326,11.99,11.99,0.0,True
616330,ÂüãËë¨ DIG A BOO,2017-07-05,True,False,False,Mostly Positive,71,28,9.99,9.99,0.0,True
1865370,The one who pulls out the sword will be crowned king,2022-03-28,True,True,True,Very Positive,91,7367,0.0,0.0,0.0,True
2378840,HAELE 3D - Feet Poser Lite,2023-04-18,True,False,False,Positive,100,13,14.99,14.99,0.0,True
906100,Observation,2020-05-21,True,False,False,Mostly Positive,79,3563,24.99,24.99,0.0,True
935511,OMSI 2 Add-On Urbino Stadtbusfamilie,2019-02-07,True,False,False,Very Positive,85,103,15.99,15.99,0.0,True
267600,Airport Simulator 2014,2013-12-19,True,False,False,Overwhelmingly Negative,13,553,4.99,4.99,0.0,True
878980,Welcome To The Dreamscape,2018-06-28,True,True,False,Mostly Negative,36,22,0.0,0.0,0.0,True
1508430,Kemono Mahjong,2021-01-11,True,False,False,Very Positive,91,80,4.99,4.99,0.0,True
326150,Death Skid Marks,2014-11-20,True,False,False,Very Positive,91,694,0.0,0.0,0.0,True
1998260,Ancient Aliens: The Game,2022-09-27,True,True,False,Positive,80,10,19.99,19.99,0.0,True
322850,Pro Cycling Manager 2015,2015-06-18,True,False,False,Mixed,60,318,4.99,4.99,0.0,True
709510,Towards The Pantheon,2018-05-16,True,False,False,Positive,96,30,4.99,4.99,0.0,True
1252250,The Celtos,2020-03-06,True,False,True,Mostly Positive,78,137,0.0,0.0,0.0,True
1550760,Blast Brigade vs. the Evil Legion of Dr. Cread,2022-04-12,True,False,False,Very Positive,91,129,19.99,19.99,0.0,True
1744380,Richard West and the Golden Mask,2021-12-15,True,False,False,Positive,93,16,3.99,3.99,0.0,True
1147390,Punchline!!,2019-12-19,True,False,False,Positive,91,34,0.0,0.0,0.0,True
1617430,Bunhouse,2021-10-19,True,False,False,Very Positive,93,280,19.99,19.99,0.0,True
1352582,Coloring Pixels - Halloween 2 Pack,2020-10-16,True,True,True,Positive,100,12,0.99,0.99,0.0,True
1096640,Vital Signs: Emergency Department,2020-10-15,True,True,False,Mixed,60,48,0.0,0.0,0.0,True
589690,Queen's Quest 3: The End of Dawn,2017-04-27,True,True,True,Mostly Positive,74,83,9.99,9.99,0.0,True
1330960,The Commission 1920: Organized Crime Grand Strategy,2021-02-11,True,False,False,Mixed,63,22,14.99,14.99,0.0,True
1129050,Parkitect - Taste of Adventure,2019-11-20,True,True,True,Very Positive,87,55,11.99,11.99,0.0,True
376880,ASTROKILL,2016-05-27,True,False,True,Mixed,54,46,9.99,9.99,0.0,True
1498110,THE BYTE,2022-02-12,True,False,False,Mixed,69,96,24.99,24.99,0.0,True
675970,Powerslide,2020-07-03,True,False,False,Positive,100,15,6.99,6.99,0.0,True
350200,Revolution 60,2016-09-06,True,False,False,Mostly Negative,25,51,9.99,9.99,0.0,True
553280,Stellaris: Utopia,2017-04-06,True,True,True,Very Positive,81,1154,9.99,19.99,50.0,True
454200,Neon Hardcorps,2016-05-30,True,False,False,Mixed,43,71,1.99,1.99,0.0,True
1843430,Diluvian Winds: Prologue,2022-09-21,True,False,False,Very Positive,90,370,0.0,0.0,0.0,True
2071530,Half-Earth Socialism,2022-07-19,True,True,True,Very Positive,85,504,0.0,0.0,0.0,True
1608890,VR Europe Tour,2021-05-18,True,False,False,Positive,100,10,1.99,1.99,0.0,True
849309,Shadow of the Tomb Raider - The Price of Survival,2019-02-12,True,False,False,Mostly Positive,73,71,0.0,0.0,0.0,True
445950,Asher,2018-03-12,True,False,False,Positive,91,12,5.99,5.99,0.0,True
1916930,Astral Slider,2022-03-10,True,True,True,Very Positive,93,77,0.0,0.0,0.0,True
686520,Gnomes Garden New home,2017-12-14,True,False,False,Positive,89,38,0.49,4.99,90.0,True
552110,Puzzle Pirates: Dark Seas,2018-07-06,True,True,False,Mostly Positive,74,497,0.0,0.0,0.0,True
65790,ARMA: Cold War Assault,2011-07-13,True,False,False,Very Positive,89,1846,4.99,4.99,0.0,True
1138100,Touhou Ibunseki - Ayaria Dawn: ReCreation,2022-04-01,True,False,False,Very Positive,84,1334,18.99,18.99,0.0,True
461245,Euro Truck Simulator 2 - South Korean Paint Jobs Pack,2016-06-21,True,True,True,Very Positive,94,134,0.49,0.99,50.0,True
1904580,Dungeons & Dragons: Dark Sun Series,2022-03-29,True,False,False,Positive,83,24,9.99,9.99,0.0,True
940910,Minoria,2019-08-27,True,False,False,Very Positive,84,1384,19.99,19.99,0.0,True
1033410,Fragsurf,2020-06-07,True,False,False,Very Positive,80,95,8.99,8.99,0.0,True
1087600,FINAL ARCHER VR,2019-09-05,True,False,False,Mixed,55,20,6.99,6.99,0.0,True
203765,Binary Domain - Dan Marshall Pack,2012-06-01,True,False,False,Mostly Positive,71,21,1.99,1.99,0.0,True
740000,ÁªùÂ¢ÉÂπ∏Â≠òËÄÖ Escape Zombie Land,2017-12-20,True,True,False,Positive,86,22,7.99,7.99,0.0,True
837861,Alien Shooter - The Experiment,2019-04-08,True,False,False,Very Positive,90,50,1.99,1.99,0.0,True
1459910,Isolomus,2020-12-04,True,False,True,Very Positive,94,193,0.99,0.99,0.0,True
1227530,Partisans 1941,2020-10-14,True,False,False,Very Positive,83,5440,29.99,29.99,0.0,True
2094090,Table Ball,2022-08-03,True,True,True,Mostly Positive,72,11,0.0,0.0,0.0,True
1276040,Mini Words: Top Movies,2020-04-10,True,True,False,Very Positive,85,54,0.99,0.99,0.0,True
332610,Mystik Belle,2015-05-22,True,False,True,Very Positive,87,149,9.74,14.99,35.0,True
1385300,Eternal Quest - 2D MMORPG,2021-08-26,True,False,False,Mixed,69,136,0.0,0.0,0.0,True
557470,Deponia Soundtrack,2016-11-15,False,False,False,Positive,100,13,2.99,2.99,0.0,True
263980,Out There Somewhere,2016-03-14,True,True,False,Very Positive,92,6128,0.99,0.99,0.0,True
37220,Cooking Dash¬Æ,2009-08-12,True,True,False,Mostly Positive,70,81,9.99,9.99,0.0,True
273151,Castlevania: Lords of Shadow 2 - Dark Dracula Costume,2014-03-25,True,False,False,Mostly Positive,79,29,0.99,0.99,0.0,True
2167630,theHunter: Call of the Wild‚Ñ¢ - New England Mountains,2022-12-06,True,False,False,Mixed,59,170,5.59,7.99,30.0,True
2231450,Pizza Tower,2023-01-26,True,False,False,Overwhelmingly Positive,98,35131,20.0,0.0,0.0,True
306395,Tropico 5 - Surfs Up!,2015-01-08,True,True,True,Mixed,47,23,3.99,3.99,0.0,True
1661640,Tough Law,2022-01-20,True,False,False,Positive,94,39,0.99,0.99,0.0,True
449550,Chicken Invaders 2,2016-03-04,True,True,False,Very Positive,97,337,3.99,3.99,0.0,True
691490,Bloons TD 5 - Samurai Ninja Monkey Skin,2017-09-01,True,True,False,Positive,92,14,1.99,1.99,0.0,True
351150,DRAGON: A Game About a Dragon,2015-04-24,True,False,False,Mixed,68,476,4.99,4.99,0.0,True
1911900,OverNight,2022-07-28,True,False,False,Mixed,46,15,13.99,13.99,0.0,True
1795640,SOLAR CAGE,2021-12-21,True,False,False,Mostly Negative,33,18,0.0,0.0,0.0,True
1215280,Mask of Mists,2020-04-09,True,False,False,Very Positive,85,108,14.99,14.99,0.0,True
1808700,Dead Man¬¥s Diary,2022-03-30,True,False,False,Mixed,41,48,24.99,24.99,0.0,True
2262970,Elle: Portal,2023-02-17,True,False,False,Very Positive,93,60,0.0,0.0,0.0,True
582890,Estranged: The Departure,2020-05-22,True,True,True,Very Positive,83,180,5.99,5.99,0.0,True
285190,Warhammer 40000: Dawn of War III,2017-04-27,True,True,True,Mixed,49,12022,39.99,39.99,0.0,True
338350,Farm World,2017-04-05,True,True,False,Mostly Negative,35,17,5.99,5.99,0.0,True
606980,Potentia,2021-02-11,True,False,False,Mixed,66,292,9.99,19.99,50.0,True
1062550,Suicide For Him,2021-11-24,True,False,False,Positive,92,13,10.99,10.99,0.0,True
1730260,Retro Gadgets,2022-11-30,True,False,False,Very Positive,95,144,19.99,19.99,0.0,True
1163150,Unfamiliar,2019-12-12,True,False,False,Mixed,65,20,7.99,7.99,0.0,True
1108280,Resident Evil Resistance - Male Survivor Costume: Leon S. Kennedy,2020-08-05,True,False,False,Positive,95,20,2.99,2.99,0.0,True
1425760,Pulling No Punches,2022-08-10,True,True,True,Very Positive,98,319,9.99,9.99,0.0,True
1617480,Fight Party,2021-05-15,True,False,False,Very Positive,80,90,4.99,4.99,0.0,True
693250,Panda Run,2017-08-31,True,False,False,Mixed,65,110,1.99,1.99,0.0,True
1072750,That Flipping Mountain,2021-11-17,True,False,False,Very Positive,94,92,6.99,6.99,0.0,True
463720,Goat Simulator: Waste of Space,2016-05-26,True,True,True,Very Positive,90,363,4.99,4.99,0.0,True
2172860,The Elder Scrolls Online: Necrom,2023-06-05,True,True,False,Mostly Positive,75,161,40.0,0.0,0.0,True
521540,This World Unknown,2016-09-02,True,True,True,Mostly Positive,79,34,7.99,7.99,0.0,True
1816001,Sonic Origins - Premium Fun Pack,2022-06-22,True,False,False,Mostly Negative,34,64,3.99,3.99,0.0,True
839570,What Are You Stupid,2018-04-16,True,True,False,Positive,82,17,4.99,4.99,0.0,True
1325730,Keysight,2020-06-30,True,True,False,Positive,93,31,29.99,29.99,0.0,True
845250,Fish Tycoon 2: Virtual Aquarium,2018-05-17,True,True,False,Mixed,56,201,0.0,0.0,0.0,True
607770,Moonatees,2017-03-29,True,False,False,Positive,91,12,0.0,0.0,0.0,True
997840,„ÄåÂØÑÂ±ÖÈöÖÊÄ™Â•á‰∫ã‰ª∂Á∞ø„ÄçÂéüÂ£∞Èü≥‰πêÈü≥ËΩ®,2019-02-11,True,False,False,Positive,100,10,0.79,1.99,60.0,True
2143930,Spirits of Baciu - Prologue,2022-11-10,True,False,False,Very Positive,88,107,0.0,0.0,0.0,True
1058200,Pixel Puzzles Traditional Jigsaws,2019-11-18,True,False,False,Mostly Positive,75,345,0.0,0.0,0.0,True
950850,The Window Box,2019-02-19,True,True,False,Positive,87,24,12.99,12.99,0.0,True
2020870,Mystical Island,2022-07-15,True,False,False,Positive,92,14,0.37,1.99,81.0,True
282640,LOST ORBIT,2015-05-12,True,True,True,Positive,89,29,11.99,11.99,0.0,True
1680050,DarkFighter,2021-08-09,True,True,False,Mostly Positive,75,12,1.99,1.99,0.0,True
1952370,Oblivion Override,2023-06-13,True,False,False,Very Positive,88,337,15.83,17.99,12.0,True
61730,Critter Crunch,2012-09-11,True,True,False,Very Positive,94,236,6.99,6.99,0.0,True
417310,Hiragana Pixel Party,2016-03-18,True,False,False,Mixed,65,23,7.99,7.99,0.0,True
341510,Crayon Chronicles,2015-03-02,True,False,False,Positive,80,20,3.99,3.99,0.0,True
2310,Quake,2007-08-03,True,False,False,Overwhelmingly Positive,96,10139,9.99,9.99,0.0,True
2427570,Block Tower TD,2023-06-09,True,False,False,Positive,100,16,9.99,9.99,0.0,True
1267940,Hunting Unlimited 1,2020-08-07,True,False,False,Positive,80,15,9.99,9.99,0.0,True
949060,Love Thyself - A Horatio Story,2019-04-01,True,True,False,Very Positive,92,544,0.0,0.0,0.0,True
1591050,Help me please,2022-01-09,True,False,False,Positive,93,15,9.99,9.99,0.0,True
836590,STAY COOL KOBAYASHI-SAN!: A RIVER CITY RANSOM STORY,2019-11-06,True,False,False,Mostly Negative,38,34,13.99,13.99,0.0,True
1481810,Ostrich Runner,2020-12-01,True,False,False,Positive,95,24,6.99,6.99,0.0,True
41400,Doom Rails,2009-11-04,True,False,False,Negative,19,26,2.99,2.99,0.0,True
688340,Marmoset Toolbag 3 - Portfolio ready renders,2017-08-03,False,False,False,Positive,81,11,0.0,0.0,0.0,True
617680,Drunk-Fu: Wasted Masters,2018-08-17,True,True,False,Mixed,55,20,9.99,9.99,0.0,True
1161420,Railway Empire - Northern Europe,2019-12-13,True,False,True,Mixed,62,29,7.99,7.99,0.0,True
396650,ACE Academy,2016-08-22,True,True,True,Overwhelmingly Positive,95,1402,19.99,19.99,0.0,True
891710,Thanksgiving Day Mosaic,2018-10-24,True,True,False,Positive,93,15,4.99,4.99,0.0,True
880580,YORG.io,2019-05-23,True,False,False,Very Positive,90,392,3.99,3.99,0.0,True
586980,MadOut2 BigCityOnline [CLOSED],2017-02-21,True,False,False,Mostly Positive,76,4293,0.0,0.0,0.0,True
394320,Expansion - Crusader Kings II: Conclave,2016-02-02,True,True,True,Mixed,51,418,14.99,14.99,0.0,True
465440,Aplowcalypse,2016-12-14,True,True,False,Mostly Positive,75,49,0.0,0.0,0.0,True
437390,HoPiKo,2017-01-06,True,True,False,Positive,87,39,6.99,6.99,0.0,True
1748610,Evil God Korone,2021-11-07,True,False,False,Very Positive,95,403,2.99,5.99,50.0,True
556750,SourVR Video Player,2016-11-21,True,False,False,Mixed,55,43,0.0,0.0,0.0,True
